1,095570,AJ네트웍스,147603,산업용 기계 및 장비 임대업,"46,822,295","46,822,295,000","1,000",원(KRW),02-6363-9999,"서울특별시 송파구 정의로8길 9 (문정동,AJ빌딩)",800
2,006840,AK홀딩스,116409,기타 금융업,"13,247,561","66,237,805,000","5,000",원(KRW),02-768-2923,서울특별시 마포구 양화로 188 - ,800
3,027410,BGF,116409,기타 금융업,"95,716,791","95,716,791,000","1,000",,1577-3663,서울특별시 강남구 테헤란로 405 ,800
4,282330,BGF리테일,074701,종합 소매업,"17,283,906","17,283,906,000","1,000",원(KRW),02-1577-8007,서울특별시 강남구 테헤란로 405 BGF사옥,800
5,138930,BNK금융지주,116409,기타 금융업,"325,935,246","1,629,676,230,000","5,000",원(KRW),051-620-3023,부산광역시 남구 문현금융로 30(문현동) ,800
6,001460,BYC,031401,봉제의복 제조업,"624,615","4,200,000,000","5,000",원(KRW),02-840-3175,서울특별시 영등포구 도림천로21길 3 ,800
7,001040,CJ,116409,기타 금융업,"29,176,998","179,047,370,000","5,000",원(KRW),02-726-8114,"서울특별시 중구 소월로2길 12 (남대문로5가, CJ THE CENTER) ",800
8,079160,CJ CGV,105901,"영화, 비디오물, 방송프로그램 제작 및 배급업","21,161,313","10,580,656,500","500",원(KRW),02-371-6660,서울특별시 용산구 한강대로23길 55 아이파크몰 6층(한강로동) ,800
9,000120,CJ대한통운,084903,도로 화물 운송업,"22,812,344","114,061,720,000","5,000",원(KRW),02-3782-0114,서울특별시 중구  세종대로9길 53 ,800
10,011150,CJ씨푸드,031007,기타 식품 제조업,"35,930,773","18,065,386,500","500",원(KRW),031-730-9114,경기도 성남시 중원구  둔촌대로388번길 32 (상대원동),800
11,097950,CJ제일제당,031007,기타 식품 제조업,"15,054,186","81,908,095,000","5,000",원(KRW),726-8114,서울특별시 중구  동호로 330 ,800
12,000590,CS홀딩스,116409,기타 금융업,"1,154,482","5,772,410,000","5,000",원(KRW),02-3459-9363,경상북도 포항시 남구 괴동로 43 (장흥동),800
13,012030,DB,106201,"컴퓨터 프로그래밍, 시스템 통합 및 관리업","201,173,933","100,586,966,500","500",원(KRW),02-2136-6000,서울특별시 강남구 삼성로96길 23 7층,800
14,016610,DB금융투자,116601,금융 지원 서비스업,"42,446,389","212,231,945,000","5,000",원(KRW),02-369-3000,서울특별시 영등포구 국제금융로8길 32 동부증권빌딩,800
15,005830,DB손해보험,116501,보험업,"70,800,000","35,400,000,000","500",원(KRW),02-1588-0100,서울특별시 강남구  테헤란로 432 ,800
16,000990,DB하이텍,032601,반도체 제조업,"44,398,588","222,554,520,000","5,000",원(KRW),02-3484-2888,서울특별시 강남구  테헤란로 432 (주)동부하이텍,800
17,139130,DGB금융지주,116409,기타 금융업,"169,145,833","845,729,165,000","5,000",원(KRW),0537407900,대구광역시 북구 옥산로 111 대구은행 제2본점 9층,800
18,004840,DRB동일,116409,기타 금융업,"19,930,000","9,965,000,000","500",원(KRW),051-520-9000,부산광역시 금정구 공단동로55번길 28 ,800
19,155660,DSR,032402,1차 비철금속 제조업,"16,000,000","8,000,000,000","500",원(KRW),02-3420-3591,부산광역시 강서구 녹산산업중로192번길 7 ,800
20,069730,DSR제강,032401,1차 철강 제조업,"14,400,000","7,200,000,000","500",원(KRW),061-752-0121,전라남도 순천시  서면 산단1길 15 ,800
21,017940,E1,074607,기타 전문 도매업,"6,860,000","34,300,000,000","5,000",원(KRW),02-3441-4114,서울특별시 용산구 한강대로 92 LS용산타워,800
22,007700,F&F,031401,봉제의복 제조업,"15,400,000","7,700,000,000","500",원(KRW),02-520-0001,"서울특별시 강남구  언주로 541(역삼동,외 에프앤에프빌딩) ",800
23,114090,GKL,189102,유원지 및 기타 오락관련 서비스업,"61,855,670","30,927,835,000","500",원(KRW),3466-6209,서울특별시 강남구 삼성로 610 삼성동,800
24,078930,GS,116409,기타 금융업,"92,915,378","473,501,020,000","5,000",원(KRW),-,서울특별시 강남구 논현로 508 ,800
25,006360,GS건설,064101,건물 건설업,"80,097,804","400,489,020,000","5,000",원(KRW),02-2154-1112,서울특별시 종로구 종로 33 그랑서울,800
26,001250,GS글로벌,074608,상품 종합 도매업,"82,533,764","206,334,410,000","2,500",원(KRW),02-2005-5300,서울특별시 강남구 논현로 508 GS강남타워 ,800
27,007070,GS리테일,074701,종합 소매업,"77,000,000","77,000,000,000","1,000",원(KRW),02-2005-1114,서울특별시 강남구 논현로 508GS타워(역삼동 679) ,800
28,012630,HDC,116409,기타 금융업,"59,741,721","298,708,605,000","5,000",원(KRW),02-2008-9114,서울특별시 강남구 영동대로 520 아이파크타워,800
29,039570,HDC아이콘트롤스,064203,전기 및 통신 공사업,"16,460,000","8,230,000,000","500",원(KRW),031-785-1711,경기도 성남시 분당구 정자일로213번길 5 ,800
30,089470,HDC현대EP,032004,기타 화학제품 제조업,"31,900,000","17,200,000,000","500",원(KRW),041-350-0500,충청남도 당진시  석문면 대호만로 1221-32 현대EP 주식회사,800
31,294870,HDC현대산업개발,064101,건물 건설업,"43,938,220","219,691,100,000","5,000",원(KRW),02-2008-9114,서울특별시 용산구 한강대로23길 55 현대아이파크몰 9층 ,800
32,082740,HSD엔진,032901,일반 목적용 기계 제조업,"32,947,142","32,947,142,000","1,000",원(KRW),055-260-6000,경상남도 창원시 성산구 공단로 67 (신촌동),800
33,175330,JB금융지주,116409,기타 금융업,"196,982,894","984,914,470,000","5,000",원(KRW),02-2128-2727,전라북도 전주시 덕진구  백제대로 566 ,800
34,234080,JW생명과학,032102,의약품 제조업,"15,834,554","39,586,385,000","2,500",원(KRW),041-351-7600,충청남도 당진시 송악읍 한진1길 28 ,800
35,001060,JW중외제약,032102,의약품 제조업,"20,920,054","52,956,972,500","2,500",원(KRW),02-840-6777,서울특별시 서초구  남부순환로 2477 ,800
36,096760,JW홀딩스,116409,기타 금융업,"66,452,155","33,226,077,500","500",원(KRW),02-840-6777,서울특별시 서초구  남부순환로 2477 ,800
37,105560,KB금융,116409,기타 금융업,"415,807,920","2,090,557,685,000","5,000",원(KRW),02-2073-7114,"서울특별시 영등포구 국제금융로8길 26 (여의도동, 국민은행 여의도본점)",800
38,009440,KC그린홀딩스,116409,기타 금융업,"22,434,980","11,217,490,000","500",원(KRW),02-320-6311,서울특별시 마포구 상암산로 34디지털큐브 12층 ,800
39,119650,KC코트렐,032901,일반 목적용 기계 제조업,"13,000,000","6,500,000,000","500",원(KRW),02-3206-311,서울특별시 마포구 상암산로 34디지털큐브 12층 ,800
40,092220,KEC,032601,반도체 제조업,"116,706,940","58,353,470,000","500",원(KRW),02-2025-5000,서울특별시 서초구  마방로10길 5 ,800
41,001390,KG케미칼,032001,기초 화학물질 제조업,"13,013,232","67,374,405,000","5,000",원(KRW),052-231-1842,울산광역시 울주군 온산읍 당월로 322 ,800
42,001940,KISCO홀딩스,032401,1차 철강 제조업,"18,476,380","18,476,380,000","1,000",원(KRW),055-260-0500,경상남도 창원시 성산구  공단로103번길 12 한국철강(주) ,800
43,025000,KPX케미칼,032001,기초 화학물질 제조업,"4,840,000","24,200,000,000","5,000",원(KRW),02-2014-4000,서울특별시 마포구  마포대로 137  KPX빌딩,800
44,092230,KPX홀딩스,032001,기초 화학물질 제조업,"4,224,646","21,123,230,000","5,000",원(KRW),02-2014-4150,서울특별시 마포구  마포대로 137 KPX빌딩 19층,800
45,000040,KR모터스,033109,그외 기타 운송장비 제조업,"189,444,075","94,722,037,500","500",원(KRW),055-282-7011,경상남도 창원시 성산구 완암로 28 　,800
46,044450,KSS해운,085001,해상 운송업,"23,185,880","11,592,940,000","500",원(KRW),3702-2700,서울특별시 종로구 인사동길 12 대일빌딩 8층 ,800
47,030210,KTB투자증권,116601,금융 지원 서비스업,"60,314,092","301,570,460,000","5,000",원(KRW),02-2184-2000,서울특별시 영등포구  여의대로 66 KTB빌딩,800
48,058850,KTcs,106309,기타 정보 서비스업,"42,685,000","23,842,500,000","500",원(KRW),042-604-5138,대전광역시 서구 갈마로 160 ,800
49,058860,KTis,106309,기타 정보 서비스업,"34,802,000","17,401,000,000","500",원(KRW),02-3215-2054,서울특별시 영등포구 여의대로 14 케이티빌딩 10층,800
50,093050,LF,031401,봉제의복 제조업,"29,240,000","146,200,000,000","5,000",원(KRW),02-3441-8114,서울특별시 강남구 언주로 870 (신사동) ,800
51,003550,LG,116409,기타 금융업,"172,557,131","879,359,040,000","5,000",원(KRW),02-3773-5114,서울특별시 영등포구  여의대로 128 ,800
52,034220,LG디스플레이,032602,전자부품 제조업,"357,815,700","1,789,078,500,000","5,000",원(KRW),02-3777-1010,서울특별시 영등포구 여의대로 128 LG트윈타워 (동관 12층) ,800
53,001120,LG상사,074601,상품 중개업,"38,760,000","193,800,000,000","5,000",원(KRW),02-3773-1114,서울특별시 종로구 새문안로 58 LG광화문빌딩 ,800
54,051900,LG생활건강,032004,기타 화학제품 제조업,"15,618,197","88,589,470,000","5,000",원(KRW),02-3773-5114,서울특별시 종로구  새문안로 58 ,800
55,032640,LG유플러스,106102,전기 통신업,"436,611,361","2,573,969,175,000","5,000",원(KRW),02-3773-1114,서울특별시 용산구 한강대로 32 (한강로3가) LG유플러스 용산사옥,800
56,011070,LG이노텍,032602,전자부품 제조업,"23,667,107","118,335,535,000","5,000",원(KRW),02-3777-1114,서울특별시 강서구 마곡중앙10로 30 LG사이언스파크 ,800
57,066570,LG전자,032604,통신 및 방송 장비 제조업,"163,647,814","904,169,030,000","5,000",원(KRW),02-3777-1114,서울특별시 영등포구  여의대로 128 LG트윈타워,800
58,108670,LG하우시스,032202,플라스틱제품 제조업,"8,967,670","50,000,000,000","5,000",원(KRW),3777-1114,서울특별시 중구 후암로 98 LG서울역빌딩 ,800
59,037560,LG헬로비전,106002,텔레비전 방송업,"77,446,865","193,617,162,500","2,500",원(KRW),02-1855-1000,"서울특별시 마포구 월드컵북로56길 19 6층(상암동, 드림타워) ",800
60,051910,LG화학,032001,기초 화학물질 제조업,"70,592,343","391,405,715,000","5,000",원(KRW),02-3777-1114,서울특별시 영등포구  여의대로 128 ,800
61,079550,LIG넥스원,032502,무기 및 총포탄 제조업,"22,000,000","110,000,000,000","5,000",원(KRW),1644 - 2005,경기도 용인시 기흥구 마북로 207 엘아이지넥스원(주) ,800
62,006260,LS,116409,기타 금융업,"32,200,000","161,000,000,000","5,000",원(KRW),02-2189-9988,서울특별시 용산구 한강대로 92 LS용산타워 - ,800
63,000680,LS네트웍스,074608,상품 종합 도매업,"78,803,016","394,015,080,000","5,000",원(KRW),02-799-7114,"경상남도 김해시 호계로 428 1층(부원동, 세화빌딩)",800
64,010120,LS산전,032801,"전동기, 발전기 및 전기 변환 · 공급 · 제어 장치 제조업","30,000,000","150,000,000,000","5,000",원(KRW),02-2034-4237,경기도 안양시 동안구  엘에스로 127 LS타워,800
65,229640,LS전선아시아,116409,기타 금융업,"30,624,879","15,312,439,500","500",원(KRW),031-428-0288,"경기도 안양시 동안구 엘에스로 127(호계동, LS타워) 3층 ",800
66,023150,MH에탄올,031101,알코올음료 제조업,"7,378,526","4,596,763,000","500",원(KRW),055-231-0701,경상남도 창원시 마산회원구 내서읍 광려천남로 25 ,800
67,035420,NAVER,106301,"자료처리, 호스팅, 포털 및 기타 인터넷 정보매개 서비스업","164,813,395","16,481,339,500","100",원(KRW),1588-3830,경기도 성남시 분당구  불정로 6 ,800
68,005940,NH투자증권,116601,금융 지원 서비스업,"281,408,887","1,531,275,030,000","5,000",원(KRW),02-768-7000,서울특별시 영등포구 여의대로 60 우리투자증권빌딩,800
69,338100,NH프라임리츠,126801,부동산 임대 및 공급업,"18,660,000","9,330,000,000","500",원(KRW),02-6264-2836,"서울특별시 영등포구 국제금융로8길 2(여의도동, 농협재단빌딩 13층) ",800
70,034310,NICE,137105,회사 본부 및 경영 컨설팅 서비스업,"37,882,300","18,941,150,000","500",원(KRW),02-2122-4000,서울특별시 영등포구 은행로 17 (여의도동) NICE 그룹 1사옥,800
71,008260,NI스틸,032401,1차 철강 제조업,"28,600,117","14,300,058,500","500",원(KRW),02-758-6789,서울특별시 동작구 동작대로 35 - ,800
72,010060,OCI,032001,기초 화학물질 제조업,"23,849,371","127,246,855,000","5,000",원(KRW),02-727-9500,서울특별시 중구  소공로 94 OCI 빌딩,800
73,100840,S&TC,032901,일반 목적용 기계 제조업,"7,506,711","3,753,355,500","500",원(KRW),055-212-6500,경상남도 창원시 성산구  완암로 12 ,800
74,064960,S&T모티브,033003,자동차 신품 부품 제조업,"14,623,136","73,115,680,000","5,000",원(KRW),051-509-2114,부산광역시 기장군  철마면 여락송정로 363 ,800
75,003570,S&T중공업,033003,자동차 신품 부품 제조업,"33,252,697","85,631,742,500","2,500",원(KRW),055-280-5000,경상남도 창원시 성산구  남면로 599 ,800
76,036530,S&T홀딩스,116409,기타 금융업,"16,303,886","8,351,943,000","500",원(KRW),02-3279-5010,서울특별시 금천구  가산디지털1로 134 ,800
77,010950,S-Oil,031902,석유 정제품 제조업,"112,582,792","291,511,797,500","2,500",원(KRW),02-3772-5151,서울특별시 마포구  백범로 192 ,800
78,034120,SBS,106002,텔레비전 방송업,"18,252,582","91,262,910,000","5,000",원(KRW),02-2061-0006,서울특별시 양천구  목동서로 161 ,800
79,101060,SBS미디어홀딩스,106002,텔레비전 방송업,"139,896,190","69,948,095,000","500",원(KRW),02-2113-5599,서울특별시 양천구  목동서로 161 ,800
80,004060,SG세계물산,074608,상품 종합 도매업,"202,424,960","101,212,480,000","500",원(KRW),02-850-5191,서울특별시 금천구  디지털로10길 35 ,800
81,001380,SG충방,033003,자동차 신품 부품 제조업,"44,964,143","22,482,071,500","500",원(KRW),070-5038-5498,충청남도 예산군 예산읍 창말로 75 (주)SG충방,800
82,002360,SH에너지화학,032001,기초 화학물질 제조업,"111,133,730","55,566,865,000","500",원(KRW),063-469-1500,전라북도 군산시 외항7길 20 ,800
83,009160,SIMPAC,032902,특수 목적용 기계 제조업,"65,429,516","32,714,758,000","500",원(KRW),032-510-0044,인천광역시 부평구  부평북로 141 (주)SIMPAC,800
84,034730,SK,116409,기타 금융업,"70,360,297","15,385,286,400","200",원(KRW),02-2121-5114,서울특별시 종로구 종로 26 SK주식회사,800
85,011790,SKC,032004,기타 화학제품 제조업,"37,534,555","187,672,775,000","5,000",원(KRW),031-250-7114,경기도 수원시 장안구 장안로309번길 84 (정자동) ,800
86,018670,SK가스,074607,기타 전문 도매업,"9,141,781","45,708,905,000","5,000",원(KRW),02-6200-8114,경기도 성남시 분당구 판교로 332 ECO Hub,800
87,001740,SK네트웍스,074607,기타 전문 도매업,"248,187,647","620,753,237,500","2,500",원(KRW),070-7800-2114,서울특별시 중구  남대문로 90 5-3 SK네트웍스,800
88,006120,SK디스커버리,116409,기타 금융업,"19,037,855","111,677,150,000","5,000",원(KRW),02-2008-2008,경기도 성남시 분당구 판교로 332 -,800
89,210980,SK디앤디,126801,부동산 임대 및 공급업,"18,990,164","18,990,164,000","1,000",원(KRW),02-398-4700,경기도 성남시 분당구 판교로 332 (삼평동),800
90,068400,SK렌터카,147601,운송장비 임대업,"35,765,140","17,882,570,000","500",원(KRW),1544-1600,서울특별시 구로구  서부샛길 822 ,800
91,096770,SK이노베이션,031902,석유 정제품 제조업,"92,465,564","468,569,950,000","5,000",원(KRW),02-2121-5114,서울특별시 종로구  종로 26 ,800
92,001510,SK증권,116601,금융 지원 서비스업,"472,590,171","238,251,342,500","500",원(KRW),02-3773-8245,서울특별시 영등포구 국제금융로8길 31 여의도동 SK증권빌딩,800
93,285130,SK케미칼,032002,합성고무 및 플라스틱 물질 제조업,"11,741,396","66,000,330,000","5,000",원(KRW),02-2008-2726,경기도 성남시 분당구 판교로 310 ,800
94,017670,SK텔레콤,106102,전기 통신업,"80,745,711","44,639,473,000","500",원(KRW),02-6100-2114,서울특별시 중구  을지로 65 (을자로2가),800
95,000660,SK하이닉스,032601,반도체 제조업,"728,002,365","3,657,652,050,000","5,000",원(KRW),031-630-4114,경기도 이천시  부발읍 경충대로 2091 ,800
96,005610,SPC삼립,031007,기타 식품 제조업,"8,629,009","43,145,045,000","5,000",원(KRW),02-2276-5061,경기도 시흥시 공단1대로 101 ,800
97,011810,STX,074608,상품 종합 도매업,"19,726,902","49,317,255,000","2,500",원(KRW),02-316-9600,경상남도 창원시 성산구  중앙대로 105  ,800
98,077970,STX엔진,032901,일반 목적용 기계 제조업,"23,008,904","57,522,260,000","2,500",원(KRW),-,경상남도 창원시 성산구  공단로474번길 36 ,800
99,071970,STX중공업,032901,일반 목적용 기계 제조업,"28,081,731","70,914,940,000","2,500",원(KRW),055-280-0700,경상남도 창원시 성산구  남면로 381 ,800
100,002710,TCC스틸,032401,1차 철강 제조업,"22,342,500","22,342,500,000","1,000",원(KRW),02-2633-3311,경상북도 포항시 남구  괴동로 100 ,800
101,024070,WISCOM,032202,플라스틱제품 제조업,"15,326,438","7,663,219,000","500",원(KRW),031-495-1181,경기도 안산시 단원구  강촌로 237 ,800
102,037270,YG PLUS,033304,"인형,장난감 및 오락용품 제조업","58,170,704","29,710,352,000","500",원(KRW),02-3140-4600,서울특별시 강남구 도산대로15길 12 -,800
103,000500,가온전선,032803,절연선 및 케이블 제조업,"4,160,347","20,801,735,000","5,000",원(KRW),02-6921-3921,경기도 군포시  엘에스로45번길 120 ,800
104,000860,강남제비스코,032004,기타 화학제품 제조업,"6,500,000","6,500,000,000","1,000",원(KRW),051-892-4221,부산광역시 부산진구  냉정로 289 (가야동),800
105,035250,강원랜드,189102,유원지 및 기타 오락관련 서비스업,"213,940,500","106,970,250,000","500",원(KRW),033-590-7700,강원도 정선군 사북읍 하이원길 265 강원랜드,800
106,011420,갤럭시아에스엠,189101,스포츠 서비스업,"27,549,644","13,774,822,000","500",원(KRW),02-775-1300,서울특별시 강남구  학동로 311 미성빌딩 7층  ,800
107,002100,경농,032003,"비료, 농약 및 살균, 살충제 제조업","21,691,750","10,845,875,000","500",원(KRW),02-3488-5800,서울특별시 서초구 강남대로39길 15-10한라비발디스튜디오193 ,800
108,009450,경동나비엔,032805,가정용 기기 제조업,"12,739,510","12,739,510,000","1,000",원(KRW),031-8060-5500,경기도 평택시 서탄면 수월암길 95 -,800
109,267290,경동도시가스,043502,연료용 가스 제조 및 배관공급업,"5,895,406","14,738,515,000","2,500",원(KRW),052-219-5300,울산광역시 북구 염포로 260-10(진장동) 주식회사 경동도시가스 ,800
110,012320,경동인베스트,020501,석탄 광업,"2,365,023","11,825,115,000","5,000",원(KRW),031-738-5557,경기도 성남시 분당구 수내로46번길 4 경동빌딩 -,800
111,000050,경방,074701,종합 소매업,"27,415,270","13,707,635,000","500",원(KRW),02-2638-6000,서울특별시 영등포구 영중로 15 (영등포동 4가) ,800
112,214390,경보제약,032101,기초 의약물질 및 생물학적 제제 제조업,"23,906,860","11,953,430,000","500",원(KRW),02-2175-2315,충청남도 아산시 실옥로 174 ,800
113,012610,경인양행,032001,기초 화학물질 제조업,"40,786,365","20,393,182,500","500",원(KRW),032-571-7498,인천광역시 서구  건지로 199 (석남동) 223-52,800
114,009140,경인전자,032602,전자부품 제조업,"1,570,797","7,853,985,000","5,000",원(KRW),02-2113-2000,"서울특별시 금천구  가산디지털2로 184 1411호(가산동,벽산/경인디지털밸리2)",800
115,013580,계룡건설산업,064102,토목 건설업,"8,930,907","44,654,535,000","5,000",원(KRW),042-480-7114-5,대전광역시 서구 문정로48번길 48 -,800
116,012200,계양전기,032901,일반 목적용 기계 제조업,"32,600,000","17,000,000,000","500",원(KRW),02-559-6800,서울특별시 강남구 테헤란로 508 (대치동)해성2빌딩 2층,800
117,004200,고려개발,064102,토목 건설업,"15,219,444","76,097,220,000","5,000",원(KRW),031-420-9000,"경기도 용인시 수지구 풍덕천로 112 501(풍덕천동, 하나프라자빌딩)",800
118,002140,고려산업,031006,"곡물가공품, 전분 및 전분제품 제조업","24,939,425","24,939,425,000","1,000",원(KRW),051-600-5069,부산광역시 사상구 새벽시장로 21(감전동) ,800
119,010130,고려아연,032402,1차 비철금속 제조업,"18,870,000","94,350,000,000","5,000",원(KRW),02-519-3416,서울특별시 강남구  강남대로 542 영풍빌딩 ,800
120,002240,고려제강,032401,1차 철강 제조업,"20,000,000","20,000,000,000","1,000",원(KRW),051-760-1700,부산광역시 수영구 구락로 150 ,800
121,009290,광동제약,032102,의약품 제조업,"52,420,851","52,420,851,000","1,000",원(KRW),02-6006-7777,서울특별시 서초구  서초중앙로 85 가산빌딩 ,800
122,017040,광명전기,032801,"전동기, 발전기 및 전기 변환 · 공급 · 제어 장치 제조업","43,337,615","21,668,807,500","500",원(KRW),031-494-0720,경기도 안산시 단원구  목내로 160 (목내동) ,800
123,017900,광전자,032601,반도체 제조업,"57,943,763","28,971,881,500","500",원(KRW),063-839-1111,전라북도 익산시 약촌로8길 62-8 (어양동),800
124,037710,광주신세계,074701,종합 소매업,"1,600,000","8,000,000,000","5,000",원(KRW),062-360-1234,광주광역시 서구  무진대로 932 (주)광주신세계,800
125,030610,교보증권,116601,금융 지원 서비스업,"36,000,000","180,000,000,000","5,000",원(KRW),02-3771-9000,서울특별시 영등포구 의사당대로 97 교보증권빌딩 ,800
126,007690,국도화학,032001,기초 화학물질 제조업,"5,810,616","29,053,080,000","5,000",원(KRW),02-3282-1400,서울특별시 금천구  가산디지털2로 61 ,800
127,005320,국동,074604,생활용품 도매업,"27,596,156","13,798,078,000","500",원(KRW),02-3407-7710,"서울특별시 동대문구 천호대로 405 7,8층(장안동,동보빌딩) ",800
128,002720,국제약품,032102,의약품 제조업,"18,400,520","18,400,520,000","1,000",원(KRW),031-781-9081,경기도 성남시 분당구  야탑로 96-8 ,800
129,083420,그린케미칼,032004,기타 화학제품 제조업,"24,000,000","12,000,000,000","500",원(KRW),041-661-5000,충남 서산시 대산읍 독곳리 411-13,800
130,014530,극동유화,031902,석유 정제품 제조업,"34,869,420","17,434,710,000","500",원(KRW),055-370-9900,경상남도 양산시  어실로 101 ,800
131,014280,금강공업,032401,1차 철강 제조업,"24,421,719","25,011,594,000","1,000",원(KRW),051-264-8881,부산광역시 사하구  다산로 110 ,800
132,008870,금비,032301,유리 및 유리제품 제조업,"1,000,000","5,000,000,000","5,000",원(KRW),031-632-5280,경기도 이천시 부발읍 중부대로1707번길 13 ,800
133,001570,금양,032001,기초 화학물질 제조업,"44,048,135","22,024,067,500","500",원(KRW),051-316-5881,부산광역시 사상구  낙동대로960번길 81 (감전동) (주)금양,800
134,002990,금호산업,064101,건물 건설업,"36,035,349","181,638,075,000","5,000",원(KRW),02-6303-0114,전라남도 나주시 시청길 4 ,800
135,011780,금호석유화학,032001,기초 화학물질 제조업,"30,467,691","167,455,885,000","5,000",원(KRW),02-6961-1114,서울특별시 중구 청계천로 100(수표동, 시그니쳐타워) ,800
136,214330,금호에이치티,033003,자동차 신품 부품 제조업,"25,744,381","12,872,190,500","500",원(KRW),062-958-2700,광주광역시 광산구 용아로 717 ,800
137,001210,금호전기,032804,전구 및 조명장치 제조업,"10,266,660","5,133,330,000","500",원(KRW),02-707-4000,서울특별시 마포구  마포대로4다길 41 마포타워빌딩 ,800
138,073240,금호타이어,032201,고무제품 제조업,"287,260,287","1,436,301,435,000","5,000",원(KRW),02-6303-8114,광주광역시 광산구  어등대로 658 ,800
139,092440,기신정기,032902,특수 목적용 기계 제조업,"29,200,000","14,600,000,000","500",원(KRW),032-820-1600,"인천광역시 남동구  은봉로 111 49동 1호(논현동, 남동공단)",800
140,000270,기아자동차,033001,자동차용 엔진 및 자동차 제조업,"405,363,347","2,139,316,735,000","5,000",원(KRW),02-3464-1114,서울특별시 서초구 헌릉로 12 기아자동차,800
141,024110,기업은행,116401,은행 및 저축기관,"577,156,979","2,885,784,895,000","5,000",원(KRW),02-729-6114,서울특별시 중구 을지로 79 중소기업은행본점,800
142,013700,까뮤이앤씨,064101,건물 건설업,"45,152,280","22,576,140,000","500",원(KRW),031-633-9114,경기도 이천시 대월면 경충대로 1937번길 57 ,800
143,004540,깨끗한나라,031701,"펄프, 종이 및 판지 제조업","37,240,693","37,606,853,000","1,000",원(KRW),02-2270-9200,서울특별시 용산구 한남대로 98 일신빌딩 4층,800
144,074610,나노메딕스,032901,일반 목적용 기계 제조업,"37,221,917","18,610,958,500","500",원(KRW),031-366-9600,경기도 화성시  비봉면 현대기아로 818-11 ,800
145,001260,남광토건,064102,토목 건설업,"9,828,611","49,143,055,000","5,000",원(KRW),02-3011-0114,"경기도 용인시 기흥구 흥덕중앙로 120 비122호(영덕동, 흥덕유타워) ",800
146,008350,남선알미늄,032402,1차 비철금속 제조업,"110,179,090","55,243,490,000","500",원(KRW),053-610-5110,대구광역시 달성군  논공읍 논공중앙로 288 ,800
147,004270,남성,074607,기타 전문 도매업,"36,212,160","18,106,080,000","500",원(KRW),02-2109-1550,서울특별시 구로구 디지털로31길 20 크라운프라자 13층 (주)남성,800
148,003920,남양유업,031005,낙농제품 및 식용빙과류 제조업,"720,000","4,433,310,000","5,000",원(KRW),02-2010-6601,서울특별시 강남구 도산대로 240 1964빌딩,800
149,002070,남영비비안,031401,봉제의복 제조업,"6,867,945","6,867,945,000","1,000",원(KRW),02-3780-1114,서울특별시 용산구  서빙고로51길 52 ,800
150,025860,남해화학,032003,"비료, 농약 및 살균, 살충제 제조업","49,678,843","49,678,843,000","1,000",원(KRW),061-688-5354,서울특별시 강남구 테헤란로113길 15 (삼성동) ,800
151,005720,넥센,032201,고무제품 제조업,"53,543,977","28,572,288,500","500",원(KRW),055-333-0771,경상남도 김해시  김해대로 2595 ,800
152,002350,넥센타이어,032201,고무제품 제조업,"97,667,877","54,083,938,500","500",원(KRW),055-370-5114,경상남도 양산시  충렬로 355 넥센타이어 ,800
153,003580,넥스트사이언스,020702,기타 비금속광물 광업,"28,434,137","14,217,068,500","500",원(KRW),02-6925-4450,강원도 정선군  사북읍 동탄길 32 ,800
154,251270,넷마블,105802,소프트웨어 개발 및 공급업,"85,747,334","8,574,733,400","100",원(KRW),02-2271-7114,"서울특별시 구로구 디지털로 300 (구로동, 지밸리비즈플라자)",800
155,090350,노루페인트,032004,기타 화학제품 제조업,"20,000,000","10,231,563,000","500",원(KRW),031-467-6114,경기도 안양시 만안구  박달로 351 ,800
156,000320,노루홀딩스,116409,기타 금융업,"13,291,151","8,500,200,500","500",원(KRW),02-2191-7700,경기도 안양시 만안구  박달로 351 ,800
157,006280,녹십자,032102,의약품 제조업,"11,686,538","58,432,690,000","5,000",원(KRW),031-260-9312,경기도 용인시 기흥구  이현로30번길 107(보정동) ,800
158,005250,녹십자홀딩스,137105,회사 본부 및 경영 컨설팅 서비스업,"47,028,210","25,744,900,000","500",원(KRW),031-260-9300,경기 용인시 구성읍 동백리 (주)녹십자 303,800
159,004370,농심,031007,기타 식품 제조업,"6,082,642","30,413,210,000","5,000",원(KRW),02-820-7114,서울특별시 동작구  여의대방로 112 ,800
160,072710,농심홀딩스,116409,기타 금융업,"4,637,790","23,188,950,000","5,000",원(KRW),02-820-7820,서울특별시 동작구  여의대방로 112 (신대방동),800
161,058730,다스코,032501,"구조용 금속제품, 탱크 및 증기발생기 제조업","15,400,000","8,000,000,000","500",원(KRW),061-370-2114,전라남도 화순군  동면 동농공길 26-2 ,800
162,023590,다우기술,106301,"자료처리, 호스팅, 포털 및 기타 인터넷 정보매개 서비스업","44,866,617","22,433,308,500","500",원(KRW),070-8707-1000,경기도 용인시 수지구  디지털벨리로 81 디지털스퀘어 6층,800
163,019680,대교,168501,초등 교육기관,"84,702,850","52,064,920,000","500",원(KRW),02-829-1114,서울특별시 관악구 보라매로 3길 23 (보라매동 729-21) 대교타워,800
164,006370,대구백화점,074701,종합 소매업,"10,821,611","54,108,055,000","5,000",원(KRW),053-423-1234,대구광역시 중구 동성로 30 9층 재무팀,800
165,008060,대덕전자,032602,전자부품 제조업,"78,006,972","40,657,424,000","500",원(KRW),031-8040-8073,경기도 안산시 단원구 강촌로 230 (목내동),800
166,000490,대동공업,032902,특수 목적용 기계 제조업,"23,728,210","23,728,210,000","1,000",원(KRW),053-610-3000,대구광역시 달성군 논공읍 논공중앙로34길 35 35,800
167,008110,대동전자,032604,통신 및 방송 장비 제조업,"10,490,447","5,245,223,500","500",원(KRW),02-855-5121,서울특별시 금천구  가산디지털1로 33 ,800
168,005750,대림비앤코,032302,"내화, 비내화 요업제품 제조업","16,672,240","16,672,240,000","1,000",원(KRW),055-280-8400,경상남도 창원시 성산구  공단로 52 ,800
169,000210,대림산업,064102,토목 건설업,"34,800,000","218,500,000,000","5,000",원(KRW),02-2011-7114,서울특별시 종로구  종로1길 36 대림빌딩,800
170,004440,대림씨엔에스,032303,"시멘트, 석회, 플라스터 및 그 제품 제조업","12,731,947","12,731,947,000","1,000",원(KRW),02-311-3300,서울특별시 중구 을지로5길 16 삼화타워 5층 ,800
171,006570,대림통상,032509,기타 금속 가공제품 제조업,"15,225,000","16,425,000,000","1,000",원(KRW),02-730-9811,서울특별시 서대문구  연희로 142 ,800
172,001680,대상,031007,기타 식품 제조업,"34,648,025","36,018,248,000","1,000",원(KRW),02-2220-9500,서울특별시 동대문구  천호대로 26 ,800
173,084690,대상홀딩스,116409,기타 금융업,"36,212,538","37,126,020,000","1,000",원(KRW),02-2211-6500,서울특별시 중구 세종대로9길 41 올리브타워 2층 ,800
174,128820,대성산업,074707,연료 소매업,"45,235,478","226,177,390,000","5,000",원(KRW),02-2170-2160,"서울특별시 구로구 경인로 662(신도림동, 디큐브시티) ",800
175,117580,대성에너지,043502,연료용 가스 제조 및 배관공급업,"27,500,000","27,500,000,000","1,000",원(KRW),053-606-1000,대구광역시 중구 명덕로 85 (남산동),800
176,016710,대성홀딩스,137105,회사 본부 및 경영 컨설팅 서비스업,"16,089,459","16,089,459,000","1,000",원(KRW),053-606-1000,대구광역시 중구 명덕로 85 대성홀딩스,800
177,003540,대신증권,116601,금융 지원 서비스업,"50,773,400","434,867,000,000","5,000",원(KRW),02-769-2000,서울특별시 중구 삼일대로 343 저동1가 대신파이낸스센터,800
178,009190,대양금속,032401,1차 철강 제조업,"21,039,932","10,519,966,000","500",원(KRW),041-333-4675,충청남도 예산군  신암면 추사로 146-8 ,800
179,014160,대영포장,031702,"골판지, 종이 상자 및 종이용기 제조업","108,394,549","54,197,274,500","500",원(KRW),031-490-9300,"경기도 안산시 단원구 산단로 265 (원시동, 대영포장(주))",800
180,047040,대우건설,064101,건물 건설업,"415,622,638","2,078,113,190,000","5,000",원(KRW),02-2288-3114,서울특별시 중구 을지로 170 (을지로4가),800
181,009320,대우부품,033003,자동차 신품 부품 제조업,"47,646,375","23,823,187,500","500",원(KRW),063-530-8171,전라북도 정읍시  공단2길 3 ,800
182,042660,대우조선해양,033101,선박 및 보트 건조업,"107,205,752","541,028,760,000","5,000",원(KRW),055-735-2114,경상남도 거제시 거제대로 3370 (아주동),800
183,003090,대웅,116409,기타 금융업,"58,141,980","29,070,990,000","500",원(KRW),02-550-8800,경기 성남시 중원구 상대원동 223-23,800
184,069620,대웅제약,032102,의약품 제조업,"11,586,575","28,966,437,500","2,500",원(KRW),02-550-8800,경기도 화성시 향남읍 제약공단4길 35-14 -,800
185,000430,대원강업,033003,자동차 신품 부품 제조업,"62,000,000","31,000,000,000","500",원(KRW),02-3455-7300,충청남도 천안시 서북구 성거읍 오목모전길 117-8 대원강업주식회사,800
186,006340,대원전선,032803,절연선 및 케이블 제조업,"68,107,171","35,364,185,500","500",원(KRW),041-339-3400,충청남도 예산군  고덕면 호음덕령길 92 ,800
187,003220,대원제약,032102,의약품 제조업,"19,662,677","9,831,338,500","500",원(KRW),02-2204-7000,서울특별시 성동구 천호대로 386 대원제약,800
188,024890,대원화성,032202,플라스틱제품 제조업,"41,249,152","20,624,576,000","500",원(KRW),031-372-3992,서울특별시 강남구 봉은사로 327 궁도빌딩 13층,800
189,002880,대유에이텍,033003,자동차 신품 부품 제조업,"106,915,987","53,457,993,500","500",원(KRW),062-940-8672,광주광역시 광산구  소촌로123번길 40-12 ,800
190,000300,대유플러스,032604,통신 및 방송 장비 제조업,"106,626,749","53,313,374,500","500",원(KRW),031-737-7000,광주광역시 광산구 소촌로123번길 40-16 2층(소촌동),800
191,012800,대창,032402,1차 비철금속 제조업,"91,140,499","45,570,249,500","500",원(KRW),031-496-3000,경기도 시흥시 공단1대로 391 ,800
192,015230,대창단조,033003,자동차 신품 부품 제조업,"2,857,223","14,286,115,000","5,000",원(KRW),055-329-3911,경남 김해시 생림면 봉림리 1072-1,800
193,001070,대한방직,031302,직물직조 및 직물제품 제조업,"5,300,000","5,300,000,000","1,000",원(KRW),02-368-0114,"서울특별시 영등포구  국제금융로2길 17 (여의도동,대한빌딩)",800
194,006650,대한유화,032001,기초 화학물질 제조업,"6,500,000","41,000,000,000","5,000",원(KRW),02-2122-1515,서울특별시 종로구  자하문로 77 유남빌딩,800
195,001440,대한전선,032803,절연선 및 케이블 제조업,"856,473,009","428,236,504,500","500",원(KRW),02-316-9114,경기도 안양시 동안구 관양동 1746-2 대한스마트타워 ,800
196,084010,대한제강,032401,1차 철강 제조업,"24,646,734","24,646,734,000","1,000",원(KRW),02-1670-3300,부산광역시 사하구 하신번영로 69 ,800
197,001790,대한제당,031006,"곡물가공품, 전분 및 전분제품 제조업","8,840,002","24,044,835,000","2,500",원(KRW),032-770-1400,인천광역시 중구  월미로 116(북성동1가) ,800
198,001130,대한제분,031006,"곡물가공품, 전분 및 전분제품 제조업","1,690,000","8,450,000,000","5,000",원(KRW),02-3455-0200,서울특별시 중구 세종대로 39 ,800
199,003490,대한항공,085101,항공 여객 운송업,"94,844,634","479,777,140,000","5,000",원(KRW),02-2656-7114,서울특별시 강서구 하늘길 260 ,800
200,005880,대한해운,085001,해상 운송업,"24,427,109","122,135,545,000","5,000",원(KRW),02-3701-0114,서울특별시 강서구 마곡중앙8로 78 에스엠알엔디센터 ,800
201,003830,대한화섬,032005,화학섬유 제조업,"1,328,000","6,640,000,000","5,000",원(KRW),02-3406-0300,서울특별시 중구  동호로 310 ,800
202,016090,대현,031401,봉제의복 제조업,"44,282,310","26,906,155,000","500",원(KRW),02-3485-7000,"서울특별시 강남구 언주로 619 (논현동, 대현그린타워) ",800
203,069460,대호에이엘,032402,1차 비철금속 제조업,"27,134,839","13,567,419,500","500",원(KRW),053-610-5400,대구광역시 달성군  논공읍 논공중앙로 211 ,800
204,192080,더블유게임즈,105802,소프트웨어 개발 및 공급업,"18,260,502","9,130,251,000","500",원(KRW),02-501-7219,서울특별시 강남구 테헤란로 152 강남파이낸스센터 16층 ,800
205,012510,더존비즈온,106201,"컴퓨터 프로그래밍, 시스템 통합 및 관리업","29,672,700","14,836,350,000","500",원(KRW),02-6233-3000,강원도 춘천시 남산면 버들1길 130 ,800
206,004830,덕성,032202,플라스틱제품 제조업,"15,680,000","8,536,000,000","500",원(KRW),031-204-0781,경기도 수원시 영통구  신원로 25 ,800
207,024900,덕양산업,033003,자동차 신품 부품 제조업,"32,564,980","16,282,490,000","500",원(KRW),052-219-1114,울산광역시 북구  효암로 366 ,800
208,145720,덴티움,032701,의료용 기기 제조업,"11,068,830","6,184,415,000","500",원(KRW),070-7098-9158,"서울특별시 강남구 테헤란로87길 21 3층(삼성동, 동성빌딩)",800
209,002150,도화엔지니어링,137201,"건축기술, 엔지니어링 및 관련 기술 서비스업","33,720,000","16,860,000,000","500",원(KRW),02-6323-3032,서울특별시 강남구  삼성로 438 도화타워 ,800
210,001230,동국제강,032401,1차 철강 제조업,"95,432,737","589,228,035,000","5,000",원(KRW),02-317-1114,서울특별시 중구  을지로5길 19 페럼타워,800
211,023450,동남합성,032001,기초 화학물질 제조업,"3,621,788","3,125,564,000","500",원(KRW),041-840-3100,충청남도 공주시 탄천면 탄천산업단지길 80-61 -,800
212,004140,동방,085209,기타 운송관련 서비스업,"33,465,588","33,465,588,000","1,000",원(KRW),02-2190-8100,서울특별시 중구 남대문로 63 한진빌딩 23층,800
213,007590,동방아그로,032003,"비료, 농약 및 살균, 살충제 제조업","13,617,577","6,808,788,500","500",원(KRW),02-580-3600,"서울특별시 관악구  남부순환로 2028 남현동, 동방빌딩",800
214,005960,동부건설,064102,토목 건설업,"21,828,663","110,271,975,000","5,000",원(KRW),02-3484-2114,서울특별시 용산구 한강대로 372 제D동,800
215,016380,동부제철,032401,1차 철강 제조업,"100,008,897","500,311,410,000","5,000",원(KRW),02-3450-8027,서울특별시 중구 한강대로 416 서울스퀘어 7층,800
216,083370,동북아12호선박투자,147601,운송장비 임대업,"1,585,660","7,928,300,000","5,000",원(KRW),02-590-1400,부산광역시 사상구 사상로 461 (모라동),800
217,083380,동북아13호선박투자,147601,운송장비 임대업,"1,585,660","7,928,300,000","5,000",원(KRW),02-590-1400,부산광역시 사상구 사상로 461 (모라동),800
218,026960,동서,074603,음·식료품 및 담배 도매업,"99,700,000","49,850,000,000","500",원(KRW),02-701-5050,서울특별시 마포구 독막로 324 동서빌딩 ,800
219,002210,동성제약,032102,의약품 제조업,"26,070,748","26,070,748,000","1,000",원(KRW),02-6911-3600,서울특별시 도봉구  도봉로 683  (방학동) 동성빌딩,800
220,102260,동성코퍼레이션,137105,회사 본부 및 경영 컨설팅 서비스업,"45,444,970","45,444,970,000","1,000",원(KRW),02-2136-4300,부산광역시 사하구  신산로 99 ,800
221,005190,동성화학,032001,기초 화학물질 제조업,"5,335,564","5,531,244,000","1,000",원(KRW),051-200-4500,부산광역시 사하구  신산로 99 ,800
222,000640,동아쏘시오홀딩스,116409,기타 금융업,"6,138,297","30,691,485,000","5,000",원(KRW),02-920-8114,서울특별시 동대문구  천호대로 64 ,800
223,170900,동아에스티,032102,의약품 제조업,"8,443,868","42,219,340,000","5,000",원(KRW),02-920-8114,서울 동대문구 용두동 138 ~255 천호대로 64,800
224,028100,동아지질,064201,기반조성 및 시설물 축조관련 전문공사업,"11,500,000","5,750,000,000","500",원(KRW),051-580-5550,부산광역시 금정구  금샘로 347 동아지질,800
225,282690,동아타이어,032201,고무제품 제조업,"13,733,015","6,866,507,500","500",원(KRW),055-389-0011,경상남도 양산시 유산공단11길 11 ,800
226,001520,동양,032303,"시멘트, 석회, 플라스터 및 그 제품 제조업","238,684,063","119,850,042,500","500",원(KRW),02-6150-7000,서울특별시 영등포구 국제금융로2길 24 - ,800
227,084670,동양고속,084902,육상 여객 운송업,"2,895,569","16,959,295,000","5,000",원(KRW),02-535-3111,경기도 안양시 동안구 흥안대로 67 ,800
228,030790,동양네트웍스,106201,"컴퓨터 프로그래밍, 시스템 통합 및 관리업","148,320,079","74,160,039,500","500",원(KRW),02-6923-0000,"서울특별시 송파구 백제고분로 69 (잠실동, 애플타워)",800
229,002900,동양물산기업,032902,특수 목적용 기계 제조업,"126,004,610","63,002,305,000","500",원(KRW),02-3014-2742,서울특별시 강남구 언주로133길 7 ,800
230,082640,동양생명,116501,보험업,"161,358,585","806,792,925,000","5,000",원(KRW),02-1577-1004,서울특별시 종로구 종로 33 (청진동),800
231,008970,동양철관,032401,1차 철강 제조업,"118,885,290","59,442,645,000","500",원(KRW),02-6903-0200,충청남도 천안시 동남구  풍세면 풍세로 515 동양철관(주),800
232,092780,동양피스톤,033001,자동차용 엔진 및 자동차 제조업,"13,168,460","6,584,230,000","500",원(KRW),031-489-9000,경기도 안산시 단원구 해봉로255번길 16 ,800
233,049770,동원F&B,031007,기타 식품 제조업,"3,859,124","19,295,620,000","5,000",원(KRW),02-589-3000-1,서울특별시 서초구  마방로 68 (양재동) 동원산업빌딩,800
234,018500,동원금속,033003,자동차 신품 부품 제조업,"46,754,933","23,377,466,500","500",원(KRW),053-859-2311,경상북도 경산시  진량읍 북리1길  69,800
235,006040,동원산업,010301,어로 어업,"3,677,641","18,388,205,000","5,000",원(KRW),02-589-3333,서울특별시 서초구 마방로 68 (양재동),800
236,030720,동원수산,010301,어로 어업,"4,653,805","23,269,025,000","5,000",원(KRW),02-528-8000,서울특별시 강남구  테헤란로8길 8 동주빌딩 6층,800
237,014820,동원시스템즈,032202,플라스틱제품 제조업,"25,618,511","129,419,345,000","5,000",원(KRW),02-589-4700,"경기도 성남시 중원구 갈마치로 302 에이-607호(상대원동, 성남우림라이온스밸리5차)",800
238,163560,동일고무벨트,032201,고무제품 제조업,"13,350,000","6,675,000,000","500",원(KRW),051-520-9114,부산광역시 금정구 공단동로55번길 28 ,800
239,004890,동일산업,032401,1차 철강 제조업,"2,425,215","12,126,075,000","5,000",원(KRW),054-288-7500,경상북도 포항시 남구  괴동로 112 (장흥동) 동일산업(주),800
240,002690,동일제강,032401,1차 철강 제조업,"15,000,000","7,500,000,000","500",원(KRW),031-677-1234,경기도 안성시 미양면 안성맞춤대로 474-40 ,800
241,000020,동화약품,032102,의약품 제조업,"27,931,470","27,931,470,000","1,000",원(KRW),02-2021-9300,서울특별시 중구 남대문로9길 24 패스트파이브타워 6~8층(다동),800
242,000150,두산,137105,회사 본부 및 경영 컨설팅 서비스업,"16,523,835","123,738,105,000","5,000",원(KRW),02-3398-0114,서울특별시 중구  장충단로 275 두산타원,800
243,011160,두산건설,064101,건물 건설업,"329,897,110","174,948,555,000","500",원(KRW),02-510-3114,서울특별시 강남구  언주로 726(논현동) ,800
244,241560,두산밥캣,032901,일반 목적용 기계 제조업,"100,249,166","50,124,583,000","500",원(KRW),02-3398-0993,서울특별시 중구 장충단로 275 ,800
245,336370,두산솔루스,032602,전자부품 제조업,"30,589,758","3,960,220,800","100",원(KRW),,전라북도 익산시 석암로11길 11 ,800
246,042670,두산인프라코어,032902,특수 목적용 기계 제조업,"208,161,279","1,040,806,395,000","5,000",원(KRW),032-211-1114,인천광역시 동구  인중로 489(화수동) ,800
247,034020,두산중공업,032901,일반 목적용 기계 제조업,"202,146,875","1,010,734,375,000","5,000",원(KRW),055-278-6114,경상남도 창원시 성산구  두산볼보로 22 두산중공업 주식회사,800
248,336260,두산퓨얼셀,032801,"전동기, 발전기 및 전기 변환 · 공급 · 제어 장치 제조업","55,493,726","7,184,422,600","100",원(KRW),02-3398-3808,전라북도 익산시 서동로 627 ,800
249,016740,두올,033003,자동차 신품 부품 제조업,"27,066,680","67,666,700,000","2,500",원(KRW),02-6922-7132,서울특별시 강남구 영동대로96길 20 대화빌딩 2층 ,800
250,192650,드림텍,032602,전자부품 제조업,"61,065,117","6,106,511,700","100",원(KRW),031-620-1500,경기도 성남시 분당구 황새울로 314 ,800
251,024090,디씨엠,032401,1차 철강 제조업,"11,700,000","6,000,000,000","500",원(KRW),055-366-9991,경상남도 양산시  웅상농공단지길 55 ,800
252,003160,디아이,032702,"측정, 시험, 항해, 제어 및 기타 정밀기기 제조업; 광학기기 제외","31,496,785","17,248,392,500","500",원(KRW),02-546-5501,서울특별시 강남구  논현로 703 ,800
253,001530,디아이동일,074601,상품 중개업,"2,421,420","12,107,100,000","5,000",원(KRW),02-2222-3071,서울특별시 강남구  테헤란로 516 정헌빌딩 8층,800
254,092200,디아이씨,033003,자동차 신품 부품 제조업,"38,888,569","19,444,284,500","500",원(KRW),052-255-0500,울산광역시 울주군  두동면 봉계농공길 8 ,800
255,013570,디와이,116409,기타 금융업,"26,319,633","13,159,816,500","500",원(KRW),032-810-4100,인천광역시 남동구  남동서로362번길 36 (남촌동),800
256,210540,디와이파워,032902,특수 목적용 기계 제조업,"11,041,708","5,520,854,000","500",원(KRW),055-278-0800,경상남도 창원시 성산구 웅남로 812 (성주동),800
257,007340,디티알오토모티브,032802,일차전지 및 축전지 제조업,"9,994,005","4,997,002,500","500",원(KRW),055-380-5800,울산광역시 울주군 온산읍 처용산업2길 12 디티알 오토모티브,800
258,026890,디피씨,032801,"전동기, 발전기 및 전기 변환 · 공급 · 제어 장치 제조업","41,678,175","20,839,087,500","500",원(KRW),031-599-0100,경기도 안산시 단원구  산단로19번길  145(목내동),800
259,115390,락앤락,032202,플라스틱제품 제조업,"54,186,600","27,500,000,000","500",원(KRW),02-520-9539,충청남도 아산시  선장면 삽교천로 104  (주)락앤락,800
260,032350,롯데관광개발,147502,여행사 및 기타 여행보조 서비스업,"69,275,662","34,637,831,000","500",원(KRW),1577-3000,서울특별시 종로구  세종대로 149 (세종로),800
261,330590,롯데리츠,126801,부동산 임대 및 공급업,"171,968,884","85,984,442,000","500",원(KRW),02-3213-8159,서울특별시 송파구 올림픽로 300 롯데월드타워 30층,800
262,000400,롯데손해보험,116501,보험업,"310,336,320","310,336,320,000","1,000",원(KRW),02-1588-3344,서울특별시 중구  소월로 3 롯데손해보험빌딩 ,800
263,023530,롯데쇼핑,074701,종합 소매업,"28,288,755","141,443,775,000","5,000",원(KRW),02-771-2500,서울특별시 중구  남대문로 81 (소공동) ,800
264,004000,롯데정밀화학,032001,기초 화학물질 제조업,"25,800,000","129,000,000,000","5,000",원(KRW),052-270-6112-4,울산광역시 남구 여천로217번길 19 ,800
265,286940,롯데정보통신,106201,"컴퓨터 프로그래밍, 시스템 통합 및 관리업","15,396,331","76,981,655,000","5,000",원(KRW),02-2626-4000,서울특별시 금천구 가산디지털2로 179 롯데정보통신 ,800
266,280360,롯데제과,031007,기타 식품 제조업,"6,416,717","3,208,358,500","500",원(KRW),02-2670-6302,서울특별시 영등포구 양평로21길 10 ,800
267,004990,롯데지주,116409,기타 금융업,"104,909,237","21,179,372,000","200",원(KRW),02-750-7114,서울특별시 송파구 올림픽로 300 롯데월드타워,800
268,005300,롯데칠성음료,031102,비알코올음료 및 얼음 제조업,"7,993,460","4,384,385,000","500",원(KRW),02-3479-9114,서울특별시 서초구 서초대로70길 15 ,800
269,011170,롯데케미칼,032001,기초 화학물질 제조업,"34,275,419","171,377,095,000","5,000",원(KRW),02-829-4114,"300, Olympic-ro, Songpa-gu, Seoul, Korea Lotte World Tower ",800
270,002270,롯데푸드,031005,낙농제품 및 식용빙과류 제조업,"1,131,870","5,659,350,000","5,000",원(KRW),02-3469-3114,서울특별시 영등포구 양평로19길 19 -,800
271,071840,롯데하이마트,074703,가전제품 및 정보통신장비 소매업,"23,607,712","118,038,560,000","5,000",원(KRW),02-1588-0070,서울특별시 강남구  삼성로 156  롯데하이마트빌딩,800
272,027740,마니커,031001,"도축, 육류 가공 및 저장 처리업","158,472,594","79,236,297,000","500",원(KRW),031-281-5300,경기도 용인시 기흥구  용구대로2219번길 3 (신갈동) ,800
273,204320,만도,033003,자동차 신품 부품 제조업,"46,957,120","46,957,120,000","1,000",원(KRW),031-680-6114,경기도 평택시 포승읍 하만호길 32 ,800
274,001080,만호제강,032401,1차 철강 제조업,"4,150,000","4,150,000,000","1,000",원(KRW),051-601-0351,부산광역시 강서구  녹산화전로 71 ,800
275,088980,맥쿼리인프라,116402,신탁업 및 집합투자업,"349,044,336","1,815,614,802,841","0",원(KRW),02-3705-8565,"서울특별시 중구 소공로 109 소공동, 한화빌딩 9층",800
276,094800,맵스리얼티1,116402,신탁업 및 집합투자업,"92,834,331","464,171,655,000","0",원(KRW),02-1577-1640,서울 영등포구 여의도동 미래에셋빌딩 45-1,800
277,015540,메디파트너생명공학,147509,기타 사업지원 서비스업,"9,337,126","4,668,563,000","500",원(KRW),02-3404-3222,"서울특별시 마포구 월드컵북로54길 25 상암DMC푸르지오시티, S-City 16층(상암동)",800
278,138040,메리츠금융지주,116409,기타 금융업,"140,224,314","71,442,909,000","500",원(KRW),02-2018-6824,서울특별시 강남구  강남대로 382 ,800
279,008560,메리츠종금증권,116601,금융 지원 서비스업,"617,310,701","617,310,701,000","1,000",원(KRW),02-785-6611,"서울특별시 영등포구 국제금융로 10 Three IFC, 메리츠종금증권",800
280,000060,메리츠화재,116501,보험업,"113,680,000","56,840,000,000","500",원(KRW),02-1566-7711,서울특별시 강남구  강남대로 382 메리츠타워,800
281,090370,메타랩스,031401,봉제의복 제조업,"52,308,986","26,154,493,000","500",원(KRW),02-2189-7700,서울특별시 강남구 언주로 428(역삼동) ,800
282,017180,명문제약,032102,의약품 제조업,"24,540,000","12,270,000,000","500",원(KRW),031-350-4000,경기도 화성시  향남읍 제약공단2길 26 ,800
283,012690,모나리자,031709,기타 종이 및 판지 제품 제조업,"36,571,255","18,885,627,500","500",원(KRW),02-829-8800,서울특별시 동작구  보라매로5길 15 전문건설회관빌딩 21층 (주)모나리자,800
284,005360,모나미,074604,생활용품 도매업,"18,897,307","18,897,307,000","1,000",원(KRW),031-216-0153,"경기도 용인시 수지구  손곡로 17 (동천동, 모나미빌딩)",800
285,204210,모두투어리츠,126801,부동산 임대 및 공급업,"7,826,815","39,134,075,000","5,000",원(KRW),02-6253-5911,"서울특별시 중구 퇴계로 173 12층(충무로3가, 남산스퀘어)",800
286,009680,모토닉,033003,자동차 신품 부품 제조업,"33,000,000","16,500,000,000","500",원(KRW),053-589-6262,"서울특별시 중구 청계천로 100 동관 9층(수표동, 시그니쳐타워)",800
287,009580,무림P&P,031701,"펄프, 종이 및 판지 제조업","62,368,324","155,920,810,000","2,500",원(KRW),052-231-7000,울산광역시 울주군 온산읍 우봉강양로 3-36 -,800
288,009200,무림페이퍼,031701,"펄프, 종이 및 판지 제조업","41,609,310","104,023,275,000","2,500",원(KRW),055-751-1234,경상남도 진주시  남강로 1003 (상평동),800
289,033920,무학,031101,알코올음료 제조업,"28,500,000","5,700,000,000","200",원(KRW),1588-2226,경상남도 창원시 마산회원구  봉암공단2길 6 ,800
290,008420,문배철강,032401,1차 철강 제조업,"20,503,505","10,251,752,500","500",원(KRW),02-758-6640,서울특별시 동작구 동작대로 35 - ,800
291,025560,미래산업,032702,"측정, 시험, 항해, 제어 및 기타 정밀기기 제조업; 광학기기 제외","843,218,400","84,321,840,000","100",원(KRW),041-621-5070,충청남도 천안시 서북구 백석공단7로 65 (백석동),800
292,007120,미래아이앤지,106201,"컴퓨터 프로그래밍, 시스템 통합 및 관리업","129,484,148","12,948,414,800","100",원(KRW),02-3470-4400,서울특별시 강남구 도산대로 514 청담동,800
293,006800,미래에셋대우,116601,금융 지원 서비스업,"658,316,408","4,101,960,790,000","5,000",원(KRW),02-768-3355,서울특별시 중구 을지로5길 26 미래에셋 센터원빌딩 이스트타워,800
294,085620,미래에셋생명,116501,보험업,"177,016,189","885,080,945,000","5,000",원(KRW),02-1588-0220,서울특별시 영등포구 국제금융로 56 미래에셋대우빌딩 ,800
295,002840,미원상사,032004,기타 화학제품 제조업,"5,088,000","6,661,780,000","500",원(KRW),031-472-9120,경기도 안산시 단원구  원시로 49 (목내동) ,800
296,268280,미원에스씨,032001,기초 화학물질 제조업,"5,267,891","2,633,945,500","500",원(KRW),063-260-1500,전라북도 완주군 봉동읍 완주산단1로 167 ,800
297,107590,미원홀딩스,116409,기타 금융업,"2,331,774","1,315,887,000","500",원(KRW),031-479-9313,경기도 용인시 수지구 포은대로59번길 20 -,800
298,134380,미원화학,032004,기타 화학제품 제조업,"2,199,268","2,404,080,000","1,000",원(KRW),031-479-9200,울산광역시 남구  장생포로 247 ,800
299,003650,미창석유공업,031902,석유 정제품 제조업,"1,739,672","8,698,360,000","5,000",원(KRW),051-403-6441,부산광역시 영도구 해양로 241 미창석유 ,800
300,155900,바다로19호,147601,운송장비 임대업,"15,200,004","76,000,020,000","5,000",원(KRW),02-3210-3333,"제주특별자치도 제주시 연삼로 473 (이도이동,산업경제진흥원) ",800
301,003610,방림,031302,직물직조 및 직물제품 제조업,"42,314,090","21,157,045,000","500",원(KRW),02-2085-2114,서울특별시 마포구  월드컵북로 402 케이지아이티센터 18층,800
302,001340,백광산업,032001,기초 화학물질 제조업,"44,918,407","22,459,203,500","500",원(KRW),02-2681-0136,전라북도 군산시  임해로 494-16 ,800
303,014580,백광소재,032303,"시멘트, 석회, 플라스터 및 그 제품 제조업","27,583,100","13,791,550,000","500",원(KRW),02-3661-8018,서울특별시 강서구  공항대로 467 (등촌동) ,800
304,035150,백산,032202,플라스틱제품 제조업,"24,200,000","14,000,000,000","500",원(KRW),031-499-0044-9,경기도 시흥시 공단1대로27번길 47 ,800
305,002410,범양건영,064101,건물 건설업,"24,831,812","24,831,812,000","1,000",원(KRW),041-573-5631,"충청남도 천안시 서북구 검은들1길 7 4층(불당동,포인트프라자)",800
306,096300,베트남개발1,116402,신탁업 및 집합투자업,"129,390,973","65,989,396,230","0",원(KRW),02-2180-0647,서울특별시 영등포구 은행로 3 여의도동,800
307,007210,벽산,032309,기타 비금속 광물제품 제조업,"68,560,000","34,280,000,000","500",원(KRW),02-2260-6114,"서울특별시 중구  퇴계로 307 광희동 1가, 광희빌딩",800
308,002760,보락,032004,기타 화학제품 제조업,"59,900,000","11,980,000,000","200",원(KRW),031-352-6455,경기도 화성시  양감면 초록로 720-37 ,800
309,003850,보령제약,032102,의약품 제조업,"44,200,000","22,100,000,000","500",원(KRW),02-708-8000,서울 종로구 원남동 보령빌딩 66-21,800
310,000890,보해양조,031101,알코올음료 제조업,"127,449,373","63,724,686,500","500",원(KRW),061-243-3141,전라남도 목포시  호남로68번길 36 보해양조(주),800
311,003000,부광약품,032102,의약품 제조업,"63,531,367","31,765,683,500","500",원(KRW),02-828-8114,서울특별시 동작구  대방동1길 47 ,800
312,001270,부국증권,116601,금융 지원 서비스업,"10,369,886","66,849,430,000","5,000",원(KRW),02-368-9200,서울 영등포구 여의도동 34-2,800
313,026940,부국철강,032401,1차 철강 제조업,"20,000,000","10,000,000,000","500",원(KRW),062-954-3806,광주광역시 광산구 하남산단9번로 90 (안청동),800
314,015350,부산도시가스,043502,연료용 가스 제조 및 배관공급업,"11,000,000","55,000,000,000","5,000",원(KRW),051-607-1178,부산광역시 수영구  황령대로 513 ,800
315,011390,부산산업,032303,"시멘트, 석회, 플라스터 및 그 제품 제조업","1,056,000","5,280,000,000","5,000",원(KRW),051-315-8338,부산광역시 사상구 장인로 35 (감전동),800
316,005030,부산주공,033003,자동차 신품 부품 제조업,"42,397,604","21,198,802,000","500",원(KRW),051-780-5980,부산광역시 기장군 장안읍 신소재산단1로 10 부산주공(주),800
317,100220,비상교육,105801,"서적, 잡지 및 기타 인쇄물 출판업","12,996,741","6,498,370,500","500",원(KRW),154-4055-4,서울특별시 구로구 디지털로 33길 48(구로동,대륭포스트타워7차19층) ,800
318,101140,비티원,074604,생활용품 도매업,"39,661,591","19,830,795,500","500",원(KRW),02-6978-7183,서울특별시 강남구 학동로25길 11 (논현동),800
319,005180,빙그레,031005,낙농제품 및 식용빙과류 제조업,"9,851,241","49,756,205,000","5,000",원(KRW),02-2022-6000,경기도 남양주시 미금로65번길 45 (도농동) (주)빙그레 ,800
320,003960,사조대림,031002,수산물 가공 및 저장 처리업,"9,164,467","45,822,335,000","5,000",원(KRW),02-3470-6000,서울특별시 서초구 남부순환로 2159 ,800
321,008040,사조동아원,031006,"곡물가공품, 전분 및 전분제품 제조업","141,144,600","70,572,300,000","500",원(KRW),02-789-9524,서울특별시 서초구 방배천로2길 12 사조빌딩,800
322,007160,사조산업,010301,어로 어업,"5,000,000","25,000,000,000","5,000",원(KRW),02-3277-1600,서울특별시 서대문구  통일로 107-39 사조산업빌딩 5층,800
323,014710,사조씨푸드,031002,수산물 가공 및 저장 처리업,"17,218,543","17,218,543,000","1,000",원(KRW),02-721-6555,"서울특별시 서대문구 통일로 107-39 502(충정로2가, 사조빌딩)",800
324,006090,사조오양,031002,수산물 가공 및 저장 처리업,"9,422,739","47,113,695,000","5,000",원(KRW),02-3470-6030,서울특별시 서초구 남부순환로 2159 (방배동),800
325,005090,삼광글라스,032301,유리 및 유리제품 제조업,"4,854,418","24,272,090,000","5,000",원(KRW),02-489-8000,"서울특별시 서초구 양재대로 246 2층,3층 한국소비자원",800
326,001470,삼부토건,064102,토목 건설업,"137,546,368","137,546,368,000","1,000",원(KRW),02-3706-2114,서울특별시 중구  퇴계로 63 삼부빌딩 ,800
327,006400,삼성SDI,032802,일차전지 및 축전지 제조업,"68,764,530","356,712,130,000","5,000",원(KRW),031-8006-3100,경기도 용인시 기흥구  공세로 150-20 ,800
328,006660,삼성공조,033003,자동차 신품 부품 제조업,"8,126,314","4,063,157,000","500",원(KRW),055-280-2733,경상남도 창원시 성산구  연덕로 176 삼성공조(주),800
329,028260,삼성물산,074607,기타 전문 도매업,"189,690,043","19,131,748,300","100",원(KRW),02-2145-5114,서울특별시 송파구 올림픽로35길 123 -,800
330,207940,삼성바이오로직스,032101,기초 의약물질 및 생물학적 제제 제조업,"66,165,000","165,412,500,000","2,500",원(KRW),032-455-3114,인천광역시 연수구 송도바이오대로 300 ,800
331,032830,삼성생명,116501,보험업,"200,000,000","100,000,000,000","500",원(KRW),02-751-8157,서울특별시 서초구 서초대로74길 11 (서초동) 삼성생명보험 주식회사,800
332,018260,삼성에스디에스,106201,"컴퓨터 프로그래밍, 시스템 통합 및 관리업","77,377,800","38,688,900,000","500",원(KRW),02-6155-3114,서울특별시 송파구 올림픽로35길 125(신천동) ,800
333,028050,삼성엔지니어링,137201,"건축기술, 엔지니어링 및 관련 기술 서비스업","196,000,000","980,000,000,000","5,000",원(KRW),02-2053-3000,서울특별시 강동구 상일동 500 삼성 GEC ,800
334,009150,삼성전기,032602,전자부품 제조업,"74,693,696","388,003,400,000","5,000",원(KRW),031-210-5114,경기도 수원시 영통구  매영로 150 ,800
335,005930,삼성전자,032604,통신 및 방송 장비 제조업,"5,969,782,550","897,513,820,000","100",원(KRW),031-200-1114,경기도 수원시 영통구  삼성로 129 (매탄동) ,800
336,001360,삼성제약,032102,의약품 제조업,"58,994,130","29,497,065,000","500",원(KRW),031-353-6681,경기도 화성시 향남읍 제약공단2길 35 삼성제약(주),800
337,010140,삼성중공업,033101,선박 및 보트 건조업,"630,000,000","3,150,574,225,000","5,000",원(KRW),031-5171-7000,경기도 성남시 분당구 판교로227번길 23 삼성중공업 판교R&D센터,800
338,016360,삼성증권,116601,금융 지원 서비스업,"89,300,000","458,478,080,000","5,000",원(KRW),02-2020-8000,서울특별시 서초구 서초대로74길 11 (서초동),800
339,068290,삼성출판사,105801,"서적, 잡지 및 기타 인쇄물 출판업","10,000,000","5,000,000,000","500",원(KRW),02-3470-6800,서울특별시 서초구  명달로 94 (주)삼성출판사,800
340,029780,삼성카드,116409,기타 금융업,"115,858,891","614,794,455,000","5,000",원(KRW),02-1588-8700,서울특별시 중구  세종대로 67 ,800
341,000810,삼성화재해상보험,116501,보험업,"47,374,837","26,473,418,500","500",원(KRW),02-1588-5114,서울특별시 서초구 서초대로74길 14 (서초동),800
342,006110,삼아알미늄,032402,1차 비철금속 제조업,"11,000,000","5,500,000,000","500",원(KRW),031-467-6800,경기도 평택시 포승읍 평택항로 92 삼아알미늄 주식회사,800
343,145990,삼양사,031007,기타 식품 제조업,"10,289,803","53,299,365,000","5,000",원(KRW),02-740-7114,서울특별시 종로구 종로33길 31 삼양사,800
344,003230,삼양식품,031007,기타 식품 제조업,"7,533,015","37,665,075,000","5,000",원(KRW),02-940-3000,서울특별시 성북구  오패산로3길 104 ,800
345,002170,삼양통상,031501,"가죽, 가방 및 유사제품 제조업","3,000,000","15,000,000,000","5,000",원(KRW),02-3453-3961,서울특별시 강남구 테헤란로 301(역삼동) 삼정개발빌딩 6층 ,800
346,272550,삼양패키징,032202,플라스틱제품 제조업,"14,209,804","71,049,020,000","5,000",원(KRW),02-740-7827,서울특별시 종로구 종로33길 31 ,800
347,000070,삼양홀딩스,116409,기타 금융업,"8,564,271","44,341,645,000","5,000",원(KRW),02-740-7114,서울특별시 종로구 종로33길 31 ,800
348,002810,삼영무역,074607,기타 전문 도매업,"17,606,686","8,803,343,000","500",원(KRW),02-320-4114,서울특별시 마포구  양화로 111 ,800
349,005680,삼영전자공업,032602,전자부품 제조업,"20,000,000","10,000,000,000","500",원(KRW),031-743-6701,경기도 성남시 중원구  사기막골로 47 (상대원동) ,800
350,003720,삼영화학공업,032202,플라스틱제품 제조업,"34,000,000","17,000,000,000","500",원(KRW),02-757-2291-3,"서울특별시 종로구 청계천로 35 13층(서린동, 관정빌딩)",800
351,023000,삼원강재,033003,자동차 신품 부품 제조업,"40,000,000","20,000,000,000","500",원(KRW),054-278-1983-8,경상북도 포항시 남구  대송면 철강산단로66번길 40 ,800
352,004380,삼익THK,032901,일반 목적용 기계 제조업,"21,000,000","10,500,000,000","500",원(KRW),053-665-7000,대구광역시 달서구  성서동로 163 ,800
353,002450,삼익악기,033302,악기 제조업,"90,530,915","45,265,457,500","500",원(KRW),043-1688-3151,충청북도 음성군  소이면 소이로 313 ,800
354,000520,삼일제약,032102,의약품 제조업,"6,500,000","6,500,000,000","1,000",원(KRW),02-520-0300,"서울특별시 서초구  효령로 155 (방배동, 삼일제약 사옥)",800
355,009770,삼정펄프,031701,"펄프, 종이 및 판지 제조업","2,499,971","12,499,855,000","5,000",원(KRW),02-743-7071,경기 평택시 고덕면 해창리 250,800
356,005500,삼진제약,032102,의약품 제조업,"13,900,000","13,900,000,000","1,000",원(KRW),02-3140-0700,서울특별시 마포구  와우산로 121 삼진제약사옥 ,800
357,004690,삼천리,043502,연료용 가스 제조 및 배관공급업,"4,055,025","20,275,125,000","5,000",원(KRW),02-368-3300,"서울특별시 영등포구  국제금융로6길 42 (여의도동, 삼천리빌딩)",800
358,001880,삼호,064101,건물 건설업,"15,179,766","75,898,830,000","5,000",원(KRW),032-518-3535,인천광역시 남동구  미래로 14 ,800
359,010960,삼호개발,064201,기반조성 및 시설물 축조관련 전문공사업,"25,000,000","12,500,000,000","500",원(KRW),02-2046-7722,충청남도 당진시  면천면 면천로 183 ,800
360,004450,삼화왕관,032509,기타 금속 가공제품 제조업,"2,154,379","10,771,895,000","5,000",원(KRW),031-490-8400,경기도 안산시 단원구  강촌로 140 삼화왕관(주),800
361,009470,삼화전기,032602,전자부품 제조업,"6,613,820","6,613,820,000","1,000",원(KRW),043-261-0200,충청북도 청주시 흥덕구  봉명로 3 (복대동),800
362,011230,삼화전자공업,032605,영상 및 음향기기 제조업,"10,457,940","10,457,940,000","1,000",원(KRW),031-374-5501,경기도 용인시 처인구  남사면 경기동로 215 삼화전자공업(주),800
363,001820,삼화콘덴서공업,032602,전자부품 제조업,"10,395,000","10,395,000,000","1,000",원(KRW),031-332-6441,경기도 용인시 처인구  남사면 경기동로 227 ,800
364,000390,삼화페인트공업,032004,기타 화학제품 제조업,"26,438,751","13,219,375,500","500",원(KRW),031-499-0394-6,경기도 안산시 단원구  별망로 178 ,800
365,001290,상상인증권,116601,금융 지원 서비스업,"96,108,437","97,411,913,000","1,000",원(KRW),02-3779-3000,서울특별시 강남구 테헤란로 424 삼성생명 대치타워 20층,800
366,041650,상신브레이크,033003,자동차 신품 부품 제조업,"21,471,450","10,735,725,000","500",원(KRW),053-616-9555,대구광역시 달성군 논공읍 논공중앙로33길 10 ,800
367,075180,새론오토모티브,033003,자동차 신품 부품 제조업,"19,200,000","9,600,000,000","500",원(KRW),041-560-4114,충청남도 천안시 동남구 병천면 가전5길 133 ,800
368,007540,샘표,116409,기타 금융업,"2,875,800","2,875,800,000","1,000",원(KRW),02-3393-5500,서울특별시 중구 충무로 2 ,800
369,248170,샘표식품,031007,기타 식품 제조업,"4,568,286","2,284,143,000","500",원(KRW),02-3393-5500,"서울특별시 중구 충무로 2 8층 (필동1가, 매일경제빌딩)",800
370,007860,서연,116409,기타 금융업,"23,479,844","11,739,922,000","500",원(KRW),031-420-3000,경기도 안양시 동안구 부림로170번길 41-22(관양동) -,800
371,200880,서연이화,033003,자동차 신품 부품 제조업,"27,028,437","13,514,218,500","500",원(KRW),02-3484-4100,"서울특별시 강남구 테헤란로 208, 11층(역삼동, 안제타워) ",800
372,017390,서울도시가스,043502,연료용 가스 제조 및 배관공급업,"5,000,000","35,000,000,000","5,000",원(KRW),02-810-8000,서울특별시 강서구 공항대로 607 (염창동) ,800
373,004410,서울식품공업,031007,기타 식품 제조업,"337,410,000","33,963,450,000","100",원(KRW),043-720-7000,충청북도 충주시 충원대로 862 ,800
374,021050,서원,032403,금속 주조업,"47,474,590","23,737,295,000","500",원(KRW),031-365-8700,"경기도 안산시 단원구  산단로67번길 94  (목내동, (주)서원)",800
375,008490,서흥,032004,기타 화학제품 제조업,"11,569,113","6,084,556,500","500",원(KRW),043-249-4100,충청북도 청주시 흥덕구 오송읍 오송생명로 61 -,800
376,007610,선도전기,032801,"전동기, 발전기 및 전기 변환 · 공급 · 제어 장치 제조업","18,000,000","9,000,000,000","500",원(KRW),031-491-2284,경기도 안산시 단원구  원시로 86 ,800
377,136490,선진,031008,동물용 사료 및 조제식품 제조업,"23,779,604","11,889,802,000","500",원(KRW),031-637-1180,경기도 이천시  대월면 사동로 76 ,800
378,002820,선창산업,031602,나무제품 제조업,"12,607,989","12,607,989,000","1,000",원(KRW),032-770-3000,인천광역시 중구 월미로 96 ,800
379,014910,성문전자,032602,전자부품 제조업,"19,486,857","10,043,428,500","500",원(KRW),031-650-2800,경기도 평택시  세교산단로 61 ,800
380,003080,성보화학,032003,"비료, 농약 및 살균, 살충제 제조업","20,020,000","10,010,000,000","500",원(KRW),02-3789-3800,경기도 안산시 단원구 산단로19번길 168 (목내동) 성보화학주식회사,800
381,004980,성신양회,032303,"시멘트, 석회, 플라스터 및 그 제품 제조업","24,516,073","128,508,590,000","5,000",원(KRW),02-3782-7000,서울특별시 종로구  인사동5길 29 ,800
382,011300,성안,031302,직물직조 및 직물제품 제조업,"56,857,860","28,428,930,000","500",원(KRW),053-382-4772,대구광역시 북구  검단동로 35 (검단동),800
383,000180,성창기업지주,137105,회사 본부 및 경영 컨설팅 서비스업,"69,751,600","36,000,000,000","500",원(KRW),051-260-3333,부산광역시 사하구  다대로 627 (다대동),800
384,002420,세기상사,105901,"영화, 비디오물, 방송프로그램 제작 및 배급업","407,592","2,037,960,000","5,000",원(KRW),02-3393-3500,서울특별시 중구 퇴계로 212 ,800
385,004360,세방,084903,도로 화물 운송업,"19,308,690","11,498,970,000","500",원(KRW),051-630-5300,부산광역시 남구 우암로 127 (감만동),800
386,004490,세방전지,032802,일차전지 및 축전지 제조업,"14,000,000","7,000,000,000","500",원(KRW),02-3451-6201,서울특별시 강남구 선릉로 433 ,800
387,001430,세아베스틸,032401,1차 철강 제조업,"35,862,119","219,310,595,000","5,000",원(KRW),02-6970-2021,서울시 마포구 양화로 45 ,800
388,306200,세아제강,032401,1차 철강 제조업,"2,836,300","14,181,500,000","5,000",원(KRW),02-6970-1000,서울특별시 마포구 양화로 45 ,800
389,003030,세아제강지주,116409,기타 금융업,"4,141,657","20,708,285,000","5,000",원(KRW),02-6970-1421,서울시마포구 양화로 45 ,800
390,019440,세아특수강,032401,1차 철강 제조업,"8,570,000","42,850,000,000","5,000",원(KRW),054-285-4771,경상북도 포항시 남구  괴동로 40 ,800
391,058650,세아홀딩스,032401,1차 철강 제조업,"4,000,000","20,000,000,000","5,000",원(KRW),02-6970-0110,서울특별시 마포구 양화로 45 ,800
392,013000,세우글로벌,074607,기타 전문 도매업,"28,705,031","14,352,515,500","500",원(KRW),032-868-1100,인천광역시 남구 염전로261번길 26-48 ,800
393,091090,세원셀론텍,032501,"구조용 금속제품, 탱크 및 증기발생기 제조업","60,990,792","30,495,396,000","500",원(KRW),02-2167-9000,서울특별시 영등포구 국제금융로 52 SIMPAC빌딩 3~5층,800
394,021820,세원정공,033003,자동차 신품 부품 제조업,"10,000,000","5,000,000,000","500",원(KRW),053-582-5161,대구광역시 달서구 달서대로 554 ,800
395,067830,세이브존I&C,074701,종합 소매업,"41,040,895","41,040,895,000","1,000",원(KRW),032-320-9032,서울특별시 노원구  한글비석로 57 (하계동),800
396,033530,세종공업,033003,자동차 신품 부품 제조업,"22,554,412","11,277,206,000","500",원(KRW),052-219-1699,울산광역시 북구 공단길 4 (효문동),800
397,075580,세진중공업,033101,선박 및 보트 건조업,"38,372,720","21,986,360,000","500",원(KRW),052-231-8000,울산광역시 울주군 온산읍 당월로 216-18 ,800
398,027970,세하,031701,"펄프, 종이 및 판지 제조업","29,562,997","29,562,997,000","1,000",원(KRW),02-2056-8800,대구광역시 달성군  유가면 비슬로96길 97 ,800
399,145210,세화아이엠씨,032902,특수 목적용 기계 제조업,"29,402,067","14,701,033,500","500",원(KRW),062-944-6161,광주광역시 북구 첨단연신로29번길 26 ,800
400,308170,센트랄모텍,033003,자동차 신품 부품 제조업,"8,400,000","4,200,000,000","500",원(KRW),052-290-1300,울산광역시 북구 모듈화산업로 115 ,800
401,068270,셀트리온,032101,기초 의약물질 및 생물학적 제제 제조업,"128,337,853","128,337,853,000","1,000",원(KRW),032-850-5000,인천광역시 연수구 아카데미로 23 ,800
402,004430,송원산업,032004,기타 화학제품 제조업,"24,000,000","12,000,000,000","500",원(KRW),052-273-9841,울산광역시 남구  장생포로 83,800
403,017550,수산중공업,032902,특수 목적용 기계 제조업,"53,985,163","26,992,581,500","500",원(KRW),031-352-7733,경기도 화성시  양감면 정문송산로 260 ,800
404,134790,시디즈,033201,가구 제조업,"2,000,000","1,000,000,000","500",원(KRW),02-3400-6339,경기도 평택시 세교산단로 67-20 (주)시디즈,800
405,016590,신대양제지,031702,"골판지, 종이 상자 및 종이용기 제조업","4,029,782","20,148,910,000","5,000",원(KRW),031-494-7911,경기도 안산시 단원구 별망로 129 -,800
406,029530,신도리코,032603,컴퓨터 및 주변장치 제조업,"10,080,029","50,400,145,000","5,000",원(KRW),02-460-1114,서울특별시 성동구  성수이로24길 3 (주)신도리코,800
407,004970,신라교역,010301,어로 어업,"16,000,000","8,000,000,000","500",원(KRW),02-3434-9900,서울특별시 송파구 백제고분로 362 신리빌딩,800
408,011930,신성이엔지,032601,반도체 제조업,"173,730,185","86,975,092,500","500",원(KRW),031-788-9500,경기도 성남시 분당구  대왕판교로395번길 8 (백현동 404-1) 신성솔라에너지,800
409,005390,신성통상,074607,기타 전문 도매업,"143,708,390","71,854,195,000","500",원(KRW),02-3709-9000,서울특별시 강동구 풍성로63길 84(둔촌동) ,800
410,004170,신세계,074701,종합 소매업,"9,845,181","49,225,905,000","5,000",원(KRW),02-727-1234,서울특별시 중구  소공로 63 (충무로1가) 신세계백화점건물 (주)신세계,800
411,035510,신세계I&C,106201,"컴퓨터 프로그래밍, 시스템 통합 및 관리업","1,720,000","8,600,000,000","5,000",원(KRW),02-3397-1234,"서울특별시 중구 소공로 48 10층(회현로2가, 프라임타워)",800
412,034300,신세계건설,064101,건물 건설업,"4,000,000","20,000,000,000","5,000",원(KRW),02-3406-6620,서울특별시 중구  장충단로 180 신세계건설 ,800
413,031430,신세계인터내셔날,074704,"섬유, 의복, 신발 및 가죽제품 소매업","7,140,000","35,700,000,000","5,000",원(KRW),02-6979-1234,서울특별시 강남구 도산대로 449 -,800
414,031440,신세계푸드,095601,음식점업,"3,872,480","19,362,400,000","5,000",원(KRW),02-3397-6000,"서울특별시 성동구 성수일로 56 성수동BY센터 4-7층(성수동2가, 백영 성수빌딩)",800
415,006880,신송홀딩스,074602,산업용 농·축산물 및 동·식물 도매업,"11,828,858","5,914,429,000","500",원(KRW),027801400,서울특별시 영등포구 여의나루로 53-1 ,800
416,005800,신영와코루,031401,봉제의복 제조업,"900,000","4,500,000,000","5,000",원(KRW),02-818-5114,서울특별시 금천구  가산디지털1로 104 (주)신영와코루,800
417,001720,신영증권,116601,금융 지원 서비스업,"9,386,237","82,200,000,000","5,000",원(KRW),02-2004-9000,"서울특별시 영등포구 국제금융로8길 16 (여의도동, 신영증권빌딩)",800
418,009270,신원,031401,봉제의복 제조업,"85,042,499","42,566,619,500","500",원(KRW),02-3274-5000,서울특별시 마포구  독막로 328 신원빌딩,800
419,002700,신일산업,074605,기계장비 및 관련 물품 도매업,"71,047,521","35,523,760,500","500",원(KRW),02-6309-7800,충청남도 천안시 서북구 입장면 연곡길 308 -,800
420,019170,신풍제약,032102,의약품 제조업,"52,984,990","27,592,495,000","500",원(KRW),031-491-6191,경기도 안산시 단원구 원시로 7 ,800
421,002870,신풍제지,031701,"펄프, 종이 및 판지 제조업","34,958,700","17,479,350,000","500",원(KRW),02-2156-7521,경기도 평택시  고덕면 고덕로 144-32 신풍제지,800
422,005450,신한,064101,건물 건설업,"7,022,839","35,114,195,000","5,000",원(KRW),02-369-0001,경기도 성남시 중원구  산성대로 208 ,800
423,293940,신한알파리츠,126801,부동산 임대 및 공급업,"47,630,123","47,630,123,000","1,000",원(KRW),02-2158-7402,"서울특별시 종로구 종로 33 그랑서울, 18층 ",800
424,055550,신한지주,116409,기타 금융업,"474,199,587","2,370,997,935,000","5,000",원(KRW),02-6360-3000,서울특별시 중구 세종대로9길 20 태평로2가,800
425,001770,신화실업,032401,1차 철강 제조업,"1,214,878","6,074,390,000","5,000",원(KRW),031-499-9922,"경기도 안산시 단원구  번영2로 31 (성곡동,시화4다706)",800
426,004080,신흥,074605,기계장비 및 관련 물품 도매업,"9,600,000","6,733,070,000","500",원(KRW),02-6366-2000,서울특별시 중구 청파로 450  (중림동) 신흥빌딩 8층 재경팀,800
427,102280,쌍방울,031401,봉제의복 제조업,"129,124,213","64,562,106,500","500",원(KRW),02-3485-6000,서울특별시 중구 퇴계로 390 - ,800
428,003410,쌍용양회공업,032303,"시멘트, 석회, 플라스터 및 그 제품 제조업","503,859,595","505,403,280,000","1,000",원(KRW),02-2270-5114,서울특별시 중구 수표로 34 씨티센터타워 7~9층,800
429,003620,쌍용자동차,033001,자동차용 엔진 및 자동차 제조업,"149,840,002","749,200,010,000","5,000",원(KRW),031-610-1114,경기도 평택시  동삭로 455-12 ,800
430,004770,써니전자,032601,반도체 제조업,"33,725,245","17,812,622,500","500",원(KRW),043-853-1760,충청북도 충주시  목행산단2로 59 ,800
431,004920,씨아이테크,033309,그외 기타 제품 제조업,"54,212,316","27,106,158,000","500",원(KRW),02-410-9606,서울특별시 송파구 양재대로 932 가락몰 업무동 11층 동관,800
432,112610,씨에스윈드,032501,"구조용 금속제품, 탱크 및 증기발생기 제조업","17,285,715","8,642,857,500","500",원(KRW),041-901-1827,충청남도 천안시 서북구 동서대로 129-12 백석대학빌딩,800
433,008700,아남전자,032605,영상 및 음향기기 제조업,"77,124,820","38,562,410,000","500",원(KRW),02-6424-4700,서울특별시 구로구 디지털로27가길 27아남빌딩 ,800
434,090430,아모레퍼시픽,032004,기타 화학제품 제조업,"58,458,490","34,508,160,000","500",원(KRW),02-6040-5114,서울특별시 용산구 한강대로 100 (한강로2가) ,800
435,002790,아모레퍼시픽그룹,032004,기타 화학제품 제조업,"82,458,180","47,997,075,000","500",원(KRW),02-6040-5114,서울특별시 용산구 한강대로 100 (한강로2가) ,800
436,002030,아세아,137105,회사 본부 및 경영 컨설팅 서비스업,"2,191,024","10,955,120,000","5,000",원(KRW),02-527-6582,서울특별시 강남구  논현로 430 아세아타워빌딩 14층,800
437,183190,아세아시멘트,032303,"시멘트, 석회, 플라스터 및 그 제품 제조업","3,895,809","19,479,045,000","5,000",원(KRW),02-527-6582,서울 강남구 역삼2동 726 아세아타워빌딩 14층 ,800
438,002310,아세아제지,031702,"골판지, 종이 상자 및 종이용기 제조업","8,956,502","44,782,510,000","5,000",원(KRW),02-527-6882,서울특별시 강남구  논현로 430 ,800
439,267850,아시아나IDT,106201,"컴퓨터 프로그래밍, 시스템 통합 및 관리업","11,100,000","5,550,000,000","500",원(KRW),02-6303-3040,서울특별시 종로구 우정국로 26 에이동 21층, 22층(표시층 23층, 25층)(공평동, 센트로폴리스),800
440,020560,아시아나항공,085101,항공 여객 운송업,"223,235,294","1,116,176,470,000","5,000",원(KRW),02-2669-3114,서울특별시 강서구  오정로 443-83 ,800
441,122900,아이마켓코리아,074608,상품 종합 도매업,"35,943,340","18,166,670,000","500",원(KRW),02-3708-5678,서울특별시 강남구 삼성로 512 삼성동빌딩 16층,800
442,010780,아이에스동서,032302,"내화, 비내화 요업제품 제조업","30,892,606","15,446,303,000","500",원(KRW),02-3218-6701,서울특별시 강남구  영동대로 741 ,800
443,003560,아이에이치큐,105901,"영화, 비디오물, 방송프로그램 제작 및 배급업","146,235,748","73,117,874,000","500",원(KRW),02-6005-6000,서울특별시 강남구 선릉로 629 싸이더스HQ타워,800
444,033660,아주캐피탈,116409,기타 금융업,"57,545,890","287,729,450,000","5,000",원(KRW),02-2017-5400,대전광역시 서구 대덕대로 239 ,800
445,001780,알루코,032402,1차 비철금속 제조업,"74,524,102","37,262,051,000","500",원(KRW),042-605-8300,대전광역시 대덕구  대화로119번길 31 ,800
446,018250,애경산업,032004,기타 화학제품 제조업,"26,409,935","26,409,935,000","1,000",원(KRW),02-768-2000,서울특별시 마포구 양화로 188 -,800
447,161000,애경유화,032001,기초 화학물질 제조업,"32,040,000","16,020,000,000","500",,02-850-2000,서울특별시 구로구  공원로 7 ,800
448,011090,에넥스,033201,가구 제조업,"59,991,641","29,995,820,500","500",원(KRW),02-2185-2000,서울특별시 서초구 서초대로73길 40(서초동) ,800
449,005850,에스엘,033003,자동차 신품 부품 제조업,"48,203,277","24,101,638,500","500",원(KRW),053-850-8511,대구광역시 북구 검단공단로 32 - ,800
450,012750,에스원,147503,"경비, 경호 및 탐정업","37,999,178","18,999,589,000","500",원(KRW),00-1588-3112,서울 중구 순화동 168 에스원빌딩 17층 총무팀,800
451,123700,에스제이엠,033003,자동차 신품 부품 제조업,"15,604,898","7,802,449,000","500",원(KRW),031-490-3838,경기도 안산시 단원구  별망로459번길 20 (주)에스제이엠,800
452,025530,에스제이엠홀딩스,074502,자동차 부품 및 내장품 판매업,"14,934,008","7,467,004,000","500",원(KRW),031-491-4151,경기도 안산시 단원구 별망로459번길 20 ,800
453,023960,에쓰씨엔지니어링,064102,토목 건설업,"25,016,587","12,508,293,500","500",원(KRW),02-2167-9090,서울특별시 영등포구 국제금융로 52 심팩빌딩 3~5층,800
454,298690,에어부산,085101,항공 여객 운송업,"52,070,000","52,070,000,000","1,000",원(KRW),1666-3060,부산광역시 강서구 유통단지1로57번가길 6 ,800
455,140910,에이리츠,126801,부동산 임대 및 공급업,"3,675,909","18,379,545,000","5,000",원(KRW),02-2077-5800,"서울특별시 강남구 언주로 711 9층(논현동, 건설공제조합)",800
456,078520,에이블씨엔씨,032004,기타 화학제품 제조업,"27,033,459","13,516,729,500","500",원(KRW),02-2199-0123,"서울특별시 서초구 서초대로38길 12 13층 (서초동, 마제스타시티타워원)",800
457,015260,에이엔피,032602,전자부품 제조업,"82,784,868","41,392,434,000","500",원(KRW),032-676-9700,경기도 부천시 원미구  도약로 300 (주)에이엔피,800
458,007460,에이프로젠 KIC,032509,기타 금속 가공제품 제조업,"153,725,636","76,862,818,000","500",원(KRW),031-782-3433,"경기도 성남시 중원구 둔촌대로 545 경기도 성남시 중원구 둔촌대로545, 비2층 (상대원동, 한라시그마밸리)",800
459,003060,에이프로젠제약,032102,의약품 제조업,"241,658,328","120,829,164,000","500",원(KRW),02-561-4011,"서울특별시 송파구 오금로19길 6 301호(방이동, 강호빌딩)",800
460,036570,엔씨소프트,105802,소프트웨어 개발 및 공급업,"21,954,022","10,977,011,000","500",원(KRW),02-2186-3300,서울특별시 강남구 테헤란로 509(삼성동) ,800
461,138250,엔에스쇼핑,074709,무점포 소매업,"33,696,000","16,848,000,000","500",원(KRW),02-6336-1516,경기도 성남시 분당구 판교로228번길 15 ,800
462,181710,엔에이치엔,105802,소프트웨어 개발 및 공급업,"19,565,025","9,782,512,500","500",원(KRW),1544-6859,경기도 성남시 분당구  대왕판교로645번길 16 플레이뮤지엄,800
463,085310,엔케이,032501,"구조용 금속제품, 탱크 및 증기발생기 제조업","79,983,352","39,991,676,000","500",원(KRW),051-204-2211,부산광역시 강서구 녹산산단17로 113(주)엔케이 ,800
464,009810,엔케이물산,074607,기타 전문 도매업,"83,578,428","41,789,214,000","500",원(KRW),02-2156-5378,"서울특별시 광진구 광나루로56길 85 10층(구의동, 테크노마트21)",800
465,004250,엔피씨,032202,플라스틱제품 제조업,"36,720,000","21,000,000,000","500",원(KRW),031-362-2851,경기도 안산시 단원구  해안로 289 엔피씨(주) ,800
466,900140,엘브이엠씨,074501,자동차 판매업,"51,120,439","12,780,110","0.25",미국달러(USD),070-8615-4824,"PO Box 309, Ugland House, Grand Cayman, KY1-1104, Cayman Islands ",800
467,014440,영보화학,032202,플라스틱제품 제조업,"20,000,000","10,000,000,000","500",원(KRW),042-822-0603,충청북도 청주시 흥덕구 강내면 서부로 230-23 ,800
468,111770,영원무역,074608,상품 종합 도매업,"44,311,468","22,155,734,000","500",원(KRW),390-6114,서울특별시 중구  만리재로 159 ,800
469,009970,영원무역홀딩스,116409,기타 금융업,"13,635,592","6,817,796,000","500",원(KRW),02-390-6000,서울특별시 중구 만리재로 159 (주)영원무역,800
470,003520,영진약품,032102,의약품 제조업,"182,892,731","91,446,365,500","500",원(KRW),02-2041-8200,서울특별시 송파구 올림픽로35다길 13 국민연금 잠실사옥 2~3층,800
471,000670,영풍,032402,1차 비철금속 제조업,"1,842,040","9,210,200,000","5,000",원(KRW),02-519-3314,서울특별시 강남구  강남대로 542 ,800
472,006740,영풍제지,031702,"골판지, 종이 상자 및 종이용기 제조업","22,200,000","11,100,000,000","500",원(KRW),031-660-8200,경기도 평택시 진위면 서탄로 9 ,800
473,012280,영화금속,033003,자동차 신품 부품 제조업,"45,451,006","23,597,333,000","500",원(KRW),055-551-7500,경상남도 창원시 진해구  남의로 57 (남양동) ,800
474,012160,영흥철강,032401,1차 철강 제조업,"85,826,509","42,913,254,500","500",원(KRW),02-2077-8522,충청남도 보령시 주교면 관창공단길 50 -,800
475,015360,예스코홀딩스,116409,기타 금융업,"6,000,000","30,000,000,000","5,000",원(KRW),02-3390-3010,서울특별시 용산구 한강대로 92 LS 용산타워 ,800
476,007310,오뚜기,031007,기타 식품 제조업,"3,605,237","18,026,185,000","5,000",원(KRW),031-421-2122,경기도 안양시 동안구  흥안대로 405 ,800
477,079440,오렌지라이프,116501,보험업,"82,000,000","82,000,000,000","1,000",원(KRW),02-2020-8382,"서울특별시 중구 세종대로7길 37 (순화동, 오렌지센터)",800
478,002630,오리엔트바이오,032102,의약품 제조업,"228,535,104","114,267,552,000","500",원(KRW),031-730-6036,경기 성남시 중원구 상대원동 143-1,800
479,271560,오리온,031007,기타 식품 제조업,"39,536,132","19,768,066,000","500",원(KRW),02-710-6000,서울특별시 용산구 백범로90다길 13 ,800
480,001800,오리온홀딩스,116409,기타 금융업,"62,645,422","31,322,711,000","500",원(KRW),02-710-6000,서울특별시 용산구  백범로90다길 13 (주)오리온 ,800
481,070960,용평리조트,095501,일반 및 생활 숙박시설 운영업,"48,133,333","240,666,665,000","5,000",원(KRW),033-330-8350,강원도 평창군  대관령면 올림픽로 715 ,800
482,316140,우리금융지주,116409,기타 금융업,"722,267,683","3,611,338,415,000","5,000",원(KRW),02-2125-2000,서울특별시 중구 소공로 51 ,800
483,004720,우리들제약,032102,의약품 제조업,"11,686,025","5,843,012,500","500",원(KRW),02-2194-3532,경기 화성시 향남면 상신리 향남제약공단 902-5,800
484,118000,우리들휴브레인,074605,기계장비 및 관련 물품 도매업,"35,131,699","17,565,849,500","500",원(KRW),2194-3535,"경기도 화성시 병점중앙로 156 202호(진안동, 드림빌딩)",800
485,010050,우리종금,116409,기타 금융업,"674,203,406","337,101,703,000","500",원(KRW),062-221-6600,광주광역시 동구 금남로 182 (금남로5가),800
486,006980,우성사료,031006,"곡물가공품, 전분 및 전분제품 제조업","30,900,000","15,450,000,000","500",원(KRW),042-670-1724,대전광역시 대덕구 한밭대로 1027 ,800
487,017370,우신시스템,032902,특수 목적용 기계 제조업,"18,314,054","9,157,027,000","500",원(KRW),031-496-6114,서울특별시 영등포구  영등포로 20 ,800
488,105840,우진,032702,"측정, 시험, 항해, 제어 및 기타 정밀기기 제조업; 광학기기 제외","20,202,234","10,101,117,000","500",원(KRW),031-379-3114,경기도 화성시 동부대로970번길 110 ,800
489,010400,우진아이엔에스,064202,건물설비 설치 공사업,"7,622,000","3,811,000,000","500",원(KRW),02-535-7050,서울특별시 서초구 방배로 166 한승빌딩 3층 ,800
490,049800,우진플라임,032902,특수 목적용 기계 제조업,"10,000,000","5,000,000,000","500",원(KRW),043-540-9000,충청북도 보은군 장안면 우진플라임로 100 본관동,800
491,016880,웅진,116409,기타 금융업,"79,378,330","41,939,165,000","500",원(KRW),02-2076-4701,서울특별시 종로구 창경궁로 120 종로플레이스빌딩,800
492,095720,웅진씽크빅,168501,초등 교육기관,"134,173,248","67,086,624,000","500",원(KRW),031-956-7000,경기도 파주시  회동길 20 ,800
493,103130,웅진에너지,032601,반도체 제조업,"30,947,322","154,736,610,000","5,000",원(KRW),042-939-8114,대전광역시 유성구  테크노2로 37 (관평동),800
494,021240,웅진코웨이,199609,그외 기타 개인 서비스업,"73,799,619","40,662,398,000","500",원(KRW),041-850-7811-5,충청남도 공주시 유구읍 유구마곡사로 136-23 ,800
495,005820,원림,031303,편조원단 제조업,"2,200,000","11,000,000,000","5,000",원(KRW),02-523-9236,서울특별시 서초구  남부순환로 2495 원림빌딩 9층 ,800
496,010600,웰바이오텍,074601,상품 중개업,"43,010,106","21,505,053,000","500",원(KRW),02-6902-1300,서울특별시 강남구 영동대로106길 17 5층,800
497,008600,윌비스,074604,생활용품 도매업,"61,561,396","67,207,536,000","1,000",원(KRW),041-529-5716,충청남도 천안시 동남구  만남로 76 ,800
498,033270,유나이티드,032102,의약품 제조업,"16,231,822","8,115,911,000","500",원(KRW),02  -516 -3041,세종특별자치시 전동면 노장리 404-10 ,800
499,014830,유니드,032001,기초 화학물질 제조업,"8,889,843","44,449,215,000","5,000",원(KRW),02-3709-9500,서울특별시 중구  을지로5길 19 ,800
500,000910,유니온,032303,"시멘트, 석회, 플라스터 및 그 제품 제조업","15,611,619","7,805,809,500","500",원(KRW),02-3455-8793,서울특별시 중구  소공로 94 OCI빌딩 13층,800
501,047400,유니온머티리얼,032302,"내화, 비내화 요업제품 제조업","42,000,000","21,000,000,000","500",원(KRW),055-580-4135,대구광역시 달서구  성서공단남로 151 ,800
502,011330,유니켐,031501,"가죽, 가방 및 유사제품 제조업","67,272,282","33,636,141,000","500",원(KRW),031-491-3751,경기도 안산시 단원구 해봉로 38 ,800
503,077500,유니퀘스트,074605,기계장비 및 관련 물품 도매업,"27,237,225","13,618,612,500","500",원(KRW),031-708-9988,"경기도 성남시 분당구  황새울로 314 (서현동,유니퀘스트빌딩)",800
504,002920,유성기업,033003,자동차 신품 부품 제조업,"25,947,500","12,973,750,000","500",원(KRW),02-564-2351,충청남도 아산시 둔포면 아산밸리동로 22 ,800
505,000700,유수홀딩스,137105,회사 본부 및 경영 컨설팅 서비스업,"26,041,812","65,104,530,000","2,500",원(KRW),02-6716-3000,서울특별시 영등포구 국제금융로2길 25 유수홀딩스,800
506,003470,유안타증권,116601,금융 지원 서비스업,"199,596,576","1,062,543,940,000","5,000",원(KRW),02-3770-2000,서울 중구 을지로2가 185번지 동양종합금융증권빌딩,800
507,011690,유양디앤유,032601,반도체 제조업,"58,194,201","29,097,100,500","500",원(KRW),031-8084-3986,경기도 화성시  팔탄면 율암길 223 ,800
508,072130,유엔젤,106301,"자료처리, 호스팅, 포털 및 기타 인터넷 정보매개 서비스업","13,195,454","6,597,727,000","500",원(KRW),031-710-6200,경기도 성남시 분당구 황새울로240번길 3 ,800
509,000220,유유제약,032102,의약품 제조업,"6,368,587","8,042,972,000","1,000",원(KRW),043-652-7981,충청북도 제천시  바이오밸리1로 94 ,800
510,001200,유진증권,116601,금융 지원 서비스업,"96,866,418","537,592,090,000","5,000",원(KRW),02-368-6114,서울특별시 영등포구 국제금융로 24 (여의도동),800
511,000100,유한양행,032102,의약품 제조업,"13,371,362","68,037,750,000","5,000",원(KRW),02-828-0181,서울특별시 동작구  노량진로 74 ,800
512,003460,유화증권,116601,금융 지원 서비스업,"11,340,483","74,178,840,000","5,000",원(KRW),02-3770-0100,서울특별시 영등포구  국제금융로2길 36 유화증권빌딩 ,800
513,008730,율촌화학,032202,플라스틱제품 제조업,"24,800,000","14,776,380,000","500",원(KRW),02-822-0022,서울특별시 동작구 여의대방로 112 도연관 15층,800
514,008250,이건산업,031602,나무제품 제조업,"10,952,635","54,763,175,000","5,000",원(KRW),032-760-0800,인천광역시 남구 염전로 91  ,800
515,025820,이구산업,032402,1차 비철금속 제조업,"33,442,000","16,721,000,000","500",원(KRW),031-494-2929,경기도 평택시 포승읍 포승공단로 42 이구산업(주),800
516,214320,이노션,137103,광고업,"20,000,000","10,000,000,000","500",원(KRW),02-2016-2300,서울특별시 강남구 강남대로 308 ,800
517,088260,이리츠코크렙,126801,부동산 임대 및 공급업,"63,341,590","31,670,795,000","500",원(KRW),02-787-0000,서울특별시 강남구 삼성로 511 ,800
518,139480,이마트,074701,종합 소매업,"27,875,819","139,379,095,000","5,000",원(KRW),02-380-5678,서울특별시 성동구  뚝섬로 377 ,800
519,007660,이수페타시스,032602,전자부품 제조업,"41,268,398","41,268,398,000","1,000",원(KRW),053-610-0300,대구광역시 달성군  논공읍 논공로53길 36 이수페타시스,800
520,005950,이수화학,032001,기초 화학물질 제조업,"15,278,000","76,390,000,000","5,000",원(KRW),02-590-6600,서울특별시 서초구 사평대로 84 이수화학 ,800
521,015020,이스타코,126801,부동산 임대 및 공급업,"42,851,600","21,425,800,000","500",원(KRW),02-2643-7922,서울특별시 양천구 오목로 325 대학빌딩 5층,800
522,093230,이아이디,074607,기타 전문 도매업,"548,342,542","109,668,508,400","200",원(KRW),031-8027-8855,경기도 광주시 곤지암읍 경충대로 425 4층,800
523,102460,이연제약,032102,의약품 제조업,"16,770,000","8,385,000,000","500",원(KRW),02-3407-5218,"서울특별시 강남구 영동대로 416 8층 (대치동, 코스모타워)",800
524,084680,이월드,189102,유원지 및 기타 오락관련 서비스업,"90,509,897","90,509,897,000","1,000",원(KRW),053-620-0001,대구광역시 달서구  두류공원로 200 ,800
525,000760,이화산업,074607,기타 전문 도매업,"2,800,000","14,000,000,000","5,000",원(KRW),02-2007-5555,서울특별시 영등포구 선유동2로 70 (당산동 5가),800
526,014990,인디에프,031401,봉제의복 제조업,"58,932,995","29,466,497,500","500",원(KRW),02-3456-9000,서울특별시 강남구  테헤란로104길 21 ,800
527,006490,인스코비,106102,전기 통신업,"97,236,911","48,618,455,500","500",원(KRW),070-7510-3448,"서울특별시 금천구  디지털로9길 47 (가산동, 한신아이티타워2차306-2호)",800
528,023800,인지컨트롤스,033003,자동차 신품 부품 제조업,"15,160,128","7,580,064,000","500",원(KRW),031-496-1725,"경기도 시흥시  군자천로 171 (정왕동, 시화공단2다504)",800
529,034590,인천도시가스,043502,연료용 가스 제조 및 배관공급업,"4,374,754","21,873,770,000","5,000",원(KRW),-1600-0002,인천광역시 서구  백범로934번길 23 ,800
530,129260,인터지스,084903,도로 화물 운송업,"29,747,874","14,873,937,000","500",원(KRW),051-604-3333,부산광역시 중구  충장대로9번길 52 마린센터 13층,800
531,023810,인팩,033003,자동차 신품 부품 제조업,"10,000,000","5,000,000,000","500",원(KRW),02-3432-3333,서울특별시 송파구 백제고분로 450 -,800
532,249420,일동제약,032102,의약품 제조업,"22,670,452","22,670,452,000","1,000",원(KRW),025263114,서울특별시 서초구 바우뫼로27길 2 ,800
533,000230,일동홀딩스,116409,기타 금융업,"11,002,587","11,002,587,000","1,000",원(KRW),02-526-3114,서울특별시 서초구  바우뫼로27길 2 일동제약빌딩,800
534,013360,일성건설,064102,토목 건설업,"54,024,880","27,012,440,000","500",원(KRW),032-429-3270,"인천광역시 남동구  인하로507번길 80 (구월동, 태광프라자402호)",800
535,003120,일성신약,032102,의약품 제조업,"2,660,000","13,300,000,000","5,000",원(KRW),02-3271-8800,서울특별시 용산구  원효로84길 9 ,800
536,003200,일신방직,031301,방적 및 가공사 제조업,"2,400,000","12,000,000,000","5,000",원(KRW),02-3774-0114,서울특별시 영등포구  은행로 11 ,800
537,007110,일신석재,074606,"건축자재, 철물 및 난방장치 도매업","77,456,610","38,728,305,000","500",원(KRW),02-487-9009,서울특별시 강동구 성내로 19 서경빌딩 6층,800
538,007570,일양약품,032102,의약품 제조업,"19,085,664","48,826,860,000","2,500",원(KRW),02-570-3700,경기도 용인시 기흥구  하갈로 110 ,800
539,008500,일정실업,031303,편조원단 제조업,"1,200,000","6,000,000,000","5,000",원(KRW),031-493-0031-5,경기도 안산시 단원구 산성로 21 (초지동),800
540,081000,일진다이아,032004,기타 화학제품 제조업,"14,202,975","14,202,975,000","1,000",원(KRW),02-707-9076,충청북도 음성군  대소면 대금로 157 ,800
541,020760,일진디스플,032601,반도체 제조업,"28,314,440","14,157,220,000","500",원(KRW),031-680-0212,충청북도 음성군  대소면 대금로 157 ,800
542,020150,일진머티리얼즈,032602,전자부품 제조업,"46,110,835","23,055,417,500","500",원(KRW),02-707-9060,전라북도 익산시 석암로3길 63-25 ,800
543,103590,일진전기,032803,절연선 및 케이블 제조업,"37,080,390","37,080,390,000","1,000",원(KRW),02-707-9781,경기도 화성시  만년로 905-17 ,800
544,015860,일진홀딩스,116409,기타 금융업,"49,347,483","49,852,615,000","1,000",원(KRW),031-220-0500,경기도 화성시  만년로 905-17 ,800
545,226320,잇츠한불,032004,기타 화학제품 제조업,"21,929,315","10,964,657,500","500",원(KRW),02-3450-0343,서울특별시 강남구 학동로 311 주식회사 잇츠한불,800
546,317400,자이에스앤디,126801,부동산 임대 및 공급업,"26,782,520","26,782,520,000","1,000",원(KRW),02-6910-7100,서울특별시 중구 퇴계로 173 ,800
547,033240,자화전자,032602,전자부품 제조업,"17,900,000","8,950,000,000","500",원(KRW),043-210-7114,충청북도 청원군  북이면 충청대로 1217 ,800
548,000950,전방,031301,방적 및 가공사 제조업,"1,680,000","8,400,000,000","5,000",원(KRW),02-2122-6000,"서울특별시 서대문구  서소문로 21 (충정로3가, 충정타워)",800
549,194370,제이에스코퍼레이션,031501,"가죽, 가방 및 유사제품 제조업","13,335,601","1,333,560,100","100",원(KRW),02-2040-3400,서울특별시 강남구 개포로 640 ,800
550,025620,제이준코스메틱,032004,기타 화학제품 제조업,"29,854,595","14,952,297,500","500",원(KRW),02-2193-9500,인천광역시 남동구 남동대로 405 (남촌동 614),800
551,036420,제이콘텐트리,105901,"영화, 비디오물, 방송프로그램 제작 및 배급업","14,406,898","72,034,490,000","5,000",원(KRW),02-3015-0555,서울특별시 강남구 도산대로 156 ,800
552,030000,제일기획,137103,광고업,"115,041,225","23,008,245,000","200",원(KRW),02-3780-2114,서울특별시 용산구  이태원로 222 제일기획 ,800
553,271980,제일약품,032102,의약품 제조업,"14,704,872","7,352,436,000","500",원(KRW),02-549-7451,서울특별시 서초구 사평대로 343 제일약품 사옥 ,800
554,001560,제일연마,032309,기타 비금속 광물제품 제조업,"10,000,000","5,000,000,000","500",원(KRW),054-285-8401,경상북도 포항시 남구 대송로101번길 34(장흥동) ,800
555,002620,제일파마홀딩스,137105,회사 본부 및 경영 컨설팅 서비스업,"15,973,355","7,986,677,500","500",원(KRW),02-549-7451,서울특별시 서초구 사평대로 343 ,800
556,006220,제주은행,116401,은행 및 저축기관,"32,128,774","160,643,870,000","5,000",원(KRW),064-720-0200,제주특별자치도 제주시  오현길 90 (이도일동),800
557,089590,제주항공,085101,항공 여객 운송업,"26,356,758","131,783,790,000","5,000",원(KRW),070-7420-1986,제주특별자치도 제주시 신대로 64 3층 ,800
558,004910,조광페인트,032004,기타 화학제품 제조업,"12,800,000","6,400,000,000","500",원(KRW),051-304-7701-5,부산광역시 사상구  삼덕로 5 148,800
559,004700,조광피혁,031501,"가죽, 가방 및 유사제품 제조업","6,649,138","34,245,690,000","5,000",원(KRW),043-270-5311-3,"충청북도 청주시 흥덕구 공단로126번길 97 (송정동, 공단2브럭)",800
560,001550,조비,032003,"비료, 농약 및 살균, 살충제 제조업","5,192,239","25,961,195,000","5,000",원(KRW),02-3488-5853,서울특별시 서초구 효령로77길 28 동오빌딩 (서초동 1337-4),800
561,000480,조선내화,032302,"내화, 비내화 요업제품 제조업","4,000,000","20,000,000,000","5,000",원(KRW),061-798-8114,전라남도 광양시 산업로 55 ,800
562,120030,조선선재,032509,기타 금속 가공제품 제조업,"1,257,651","628,825,500","500",원(KRW),054-289-8200,경상북도 포항시 남구 괴동로 43 (장흥동),800
563,018470,조일알미늄,032402,1차 비철금속 제조업,"70,155,555","35,077,777,500","500",원(KRW),053-856-5252,경상북도 경산시  진량읍 공단6로 98 ,800
564,002600,조흥,031007,기타 식품 제조업,"600,000","3,000,000,000","5,000",원(KRW),031-433-3883,경기도 안산시 단원구  시화로 38 (성곡동),800
565,185750,종근당,032102,의약품 제조업,"10,885,685","27,214,212,500","2,500",원(KRW),02-2194-0300,서울 서대문구 충정로3가 3가 368 종근당빌딩 ,800
566,063160,종근당바이오,032102,의약품 제조업,"5,485,962","13,714,905,000","2,500",원(KRW),02-2194-0555,서울특별시 서대문구  충정로 8 ,800
567,001630,종근당홀딩스,032102,의약품 제조업,"5,009,861","12,524,652,500","2,500",원(KRW),02-6373-0600,서울특별시 서대문구  충정로 8 종근당빌딩 ,800
568,044380,주연테크,032603,컴퓨터 및 주변장치 제조업,"106,751,992","10,675,199,200","100",원(KRW),02-2122-1000,서울특별시 마포구 양화로 134 (서교동) 5층,800
569,013890,지누스,033201,가구 제조업,"14,206,749","7,103,374,500","500",원(KRW),031-622-1700,"경기도 성남시 분당구 야탑로81번길 10,8층(야탑동, 아미고타워) ",800
570,013870,지엠비코리아,033003,자동차 신품 부품 제조업,"19,072,280","9,536,140,000","500",원(KRW),055-263-2131,경상남도 창원시 성산구  웅남로 618(성산동) ,800
571,071320,지역난방공사,043503,"증기, 냉·온수 및 공기조절 공급업","11,578,744","57,893,720,000","5,000",원(KRW),031-780-4114,경기도 성남시 분당구 분당로 368 ,800
572,010580,지코,033003,자동차 신품 부품 제조업,"64,581,636","32,290,818,000","500",원(KRW),041-529-7714,충청남도 아산시 도고면 도고면로 48-15 (주)지코,800
573,035000,지투알,137105,회사 본부 및 경영 컨설팅 서비스업,"16,567,409","17,571,493,000","1,000",원(KRW),02-705-2173,서울특별시 마포구  마포대로 155 LG마포B/D15F,800
574,088790,진도,074607,기타 전문 도매업,"12,447,744","6,223,872,000","500",원(KRW),02-850-8270,서울특별시 금천구  가산디지털1로 75 ,800
575,003780,진양산업,032202,플라스틱제품 제조업,"13,000,000","6,500,000,000","500",원(KRW),055-382-8981,경상남도 양산시  유산공단7길 42-1 ,800
576,010640,진양폴리우레탄,032202,플라스틱제품 제조업,"10,000,000","5,000,000,000","500",원(KRW),031-657-2545,경기 평택시 세교동 536-8번지,800
577,100250,진양홀딩스,032202,플라스틱제품 제조업,"55,895,292","27,947,646,000","500",원(KRW),051-809-8813,부산광역시 부산진구 시민공원로 20번길 8(부암동) -,800
578,051630,진양화학,032202,플라스틱제품 제조업,"12,000,000","6,000,000,000","500",원(KRW),052-278-0700,울산광역시 남구  장생포로 93 ,800
579,272450,진에어,085101,항공 여객 운송업,"30,000,000","30,000,000,000","1,000",원(KRW),1600-6200,"서울특별시 강서구 공항대로 453, 3층 ",800
580,011000,진원생명과학,032102,의약품 제조업,"21,926,157","21,926,157,000","1,000",원(KRW),02-6004-3500,서울특별시 강남구 학동로 343 더피나클강남 10층,800
581,002780,진흥기업,064102,토목 건설업,"145,471,745","73,311,885,500","500",원(KRW),02-772-1200,"인천광역시 연수구 컨벤시아대로 69 (송도동 , 송도밀레니엄 807호)",800
582,009310,참엔지니어링,032902,특수 목적용 기계 제조업,"53,440,014","27,145,005,500","500",원(KRW),031-330-8500,경기도 용인시 처인구  남사면 형제로 5 ,800
583,000650,천일고속,084902,육상 여객 운송업,"1,429,220","7,146,100,000","5,000",원(KRW),051-254-9111,부산광역시 동구 중앙대로 168(초량동) ,800
584,012600,청호컴넷,032901,일반 목적용 기계 제조업,"8,576,351","42,881,755,000","5,000",원(KRW),02-3670-7700-2,서울특별시 강남구 도산대로 318 ,800
585,033250,체시스,033003,자동차 신품 부품 제조업,"24,000,000","12,000,000,000","500",원(KRW),053-851-8511,경상북도 경산시 진량읍 일연로 528 ,800
586,001140,카리스국보,084903,도로 화물 운송업,"23,966,505","11,983,252,500","500",원(KRW),02-765-5544,부산광역시 수영구 광남로 42 국보빌딩 7층,800
587,035720,카카오,106301,"자료처리, 호스팅, 포털 및 기타 인터넷 정보매개 서비스업","86,315,239","43,207,619,500","500",원(KRW),02-6718-1082,제주특별자치도 제주시 첨단로 242 ,800
588,006380,카프로,032001,기초 화학물질 제조업,"40,000,000","20,000,000,000","500",원(KRW),02-399-1200,서울특별시 중구 을지로 51 교원내외빌딩 14F ,800
589,109070,컨버즈,031702,"골판지, 종이 상자 및 종이용기 제조업","30,782,409","15,391,204,500","500",원(KRW),070-4858-4652,충청남도 당진시 시곡로 307 -,800
590,001620,케이비아이동국실업,033003,자동차 신품 부품 제조업,"66,042,072","33,021,036,000","500",원(KRW),02-754-2961,서울특별시 용산구  한강대로 350 ,800
591,029460,케이씨,032702,"측정, 시험, 항해, 제어 및 기타 정밀기기 제조업; 광학기기 제외","13,554,044","6,777,022,000","500",원(KRW),031-670-8900,경기도 안성시  미양면 제2공단2길 39 ,800
592,002380,케이씨씨,032004,기타 화학제품 제조업,"8,886,471","48,084,660,000","5,000",원(KRW),02-3480-5000,서울특별시 서초구  사평대로 344 (주)케이씨씨 빌딩,800
593,344820,케이씨씨글라스,032301,유리 및 유리제품 제조업,"8,350,210","8,350,210,000","1,000",원(KRW),,서울특별시 서초구 강남대로 587(잠원동) ,800
594,281820,케이씨텍,032702,"측정, 시험, 항해, 제어 및 기타 정밀기기 제조업; 광학기기 제외","19,839,340","9,919,670,000","500",원(KRW),031-670-8000,경기도 안성시 미양면 제2공단3길 30 ,800
595,009070,케이씨티시,084903,도로 화물 운송업,"30,000,000","15,000,000,000","500",원(KRW),02-310-0700,서울특별시 중구 남대문로 63 한진빌딩 ,800
596,145270,케이탑리츠,126801,부동산 임대 및 공급업,"45,096,847","45,096,847,000","1,000",원(KRW),02-783-5858,서울특별시 영등포구 국제금융로 70 미원빌딩 19층 1901호,800
597,030200,케이티,106102,전기 통신업,"261,111,808","1,564,498,835,000","5,000",원(KRW),031-727-0114,경기도 성남시 분당구 불정로 90 KT 본사 ,800
598,053210,케이티스카이라이프,106002,텔레비전 방송업,"47,821,966","119,554,915,000","2,500",원(KRW),02-2003-3000,"서울특별시 마포구 매봉산로 758층, 9층 ",800
599,033780,케이티앤지,031201,담배 제조업,"137,292,497","954,959,485,000","5,000",원(KRW),042-939-5000,대전광역시 대덕구 벚꽃길 71 주식회사 케이티앤지,800
600,007810,코리아써키트,032602,전자부품 제조업,"23,620,751","13,684,570,000","500",원(KRW),031-491-3061,경기도 안산시 단원구  강촌로139번길 9 ,800
601,152330,코리아오토글라스,032301,유리 및 유리제품 제조업,"20,000,000","100,000,000,000","5,000",원(KRW),044-860-5000,세종특별자치시  전의면 산단길 134 ,800
602,003690,코리안리,116502,재 보험업,"120,369,116","60,184,558,000","500",원(KRW),02-3702-6000,서울특별시 종로구  종로5길 68 (수송동) 코리안리빌딩,800
603,192820,코스맥스,032004,기타 화학제품 제조업,"10,049,509","5,024,754,500","500",원(KRW),031-359-0300,"경기도 화성시  향남읍 제약공단1길 27, 2길 46 ",800
604,044820,코스맥스비티아이,116409,기타 금융업,"9,603,921","4,801,960,500","500",원(KRW),031-789-3000,"경기도 성남시 분당구 판교로 255 에프-801(삼평동,판교이노밸리)",800
605,005070,코스모신소재,032004,기타 화학제품 제조업,"29,247,965","29,247,965,000","1,000",원(KRW),043-850-1114,충청북도 충주시 충주호수로 36 (목행동) 코스모신소재 주식회사,800
606,005420,코스모화학,032004,기타 화학제품 제조업,"26,110,825","26,110,825,000","1,000",원(KRW),052-231-6700,서울특별시 서초구  반포대로 43 코스모빌딩 5층,800
607,071950,코아스,033201,가구 제조업,"30,907,210","15,453,605,000","500",원(KRW),02-2692-2360,서울특별시 영등포구 선유로52길 17 ,800
608,002020,코오롱,116409,기타 금융업,"12,626,426","68,514,080,000","5,000",원(KRW),02-3677-3114,경기 과천시 별양동 1-23 코오롱타워,800
609,003070,코오롱글로벌,064102,토목 건설업,"25,210,438","127,616,205,000","5,000",원(KRW),032-420-9111,경기도 과천시 코오롱로 11 코오롱타워,800
610,144620,코오롱머티리얼,032005,화학섬유 제조업,"68,658,635","68,658,635,000","1,000",원(KRW),02-3677-4286,경기도 과천시 코오롱로 11 코오롱타워 본관 8층,800
611,120110,코오롱인더,032005,화학섬유 제조업,"26,978,840","148,733,500,000","5,000",원(KRW),3677-3114,서울특별시 강서구 마곡동로 110 코오롱 One&Only 타워 ,800
612,138490,코오롱플라스틱,032002,합성고무 및 플라스틱 물질 제조업,"38,000,000","38,000,000,000","1,000",원(KRW),054-420-8371,경상북도 김천시  공단3길 64 (응명동),800
613,031820,콤텍시스템,106201,"컴퓨터 프로그래밍, 시스템 통합 및 관리업","67,851,466","33,925,733,000","500",원(KRW),02-3289-0114,서울특별시 영등포구  가마산로 343 ,800
614,192400,쿠쿠홀딩스,116409,기타 금융업,"7,112,437","3,556,218,500","500",원(KRW),055-380-0734,경상남도 양산시 유산공단2길 14(교동) ,800
615,284740,쿠쿠홈시스,147602,개인 및 가정용품 임대업,"22,437,330","2,243,733,000","100",원(KRW),055-380-0734,경기도 시흥시 엠티브이북로 349(정왕동) ,800
616,015590,큐로,032901,일반 목적용 기계 제조업,"150,606,512","75,303,256,000","500",원(KRW),052-278-9000,울산광역시 남구  처용로 260-37 ,800
617,264900,크라운제과,031007,기타 식품 제조업,"12,523,850","2,659,482,000","200",원(KRW),02-791-9123,서울특별시 용산구 한강대로72길 3(남영동) ,800
618,005740,크라운해태홀딩스,116409,기타 금융업,"14,847,347","7,724,036,500","500",원(KRW),02-791-9123,서울특별시 용산구 한강대로72길 3 ,800
619,020120,키다리스튜디오,106301,"자료처리, 호스팅, 포털 및 기타 인터넷 정보매개 서비스업","16,959,266","8,479,633,000","500",원(KRW),02-6320-8500,서울특별시 마포구 독막로 311 재화스퀘어 12층,800
620,039490,키움증권,116601,금융 지원 서비스업,"22,099,740","110,498,700,000","5,000",원(KRW),02-3787-5000,"서울특별시 영등포구 여의나루로4길 18 여의도동,키움파이낸스스퀘어빌딩",800
621,012170,키위미디어그룹,105901,"영화, 비디오물, 방송프로그램 제작 및 배급업","197,284,650","98,642,325,000","500",원(KRW),02-769-4799,"서울특별시 강남구 언주로 729 8층(논현동, 마스터스빌딩)",800
622,015890,태경산업,032001,기초 화학물질 제조업,"29,228,750","14,614,375,000","500",원(KRW),031-206-0071,서울특별시 강서구 공항대로 467 4층(등촌동),800
623,006890,태경화학,032001,기초 화학물질 제조업,"11,600,000","5,800,000,000","500",원(KRW),02-3661-8011,서울특별시 강서구  공항대로 467 (등촌동) ,800
624,003240,태광산업,032005,화학섬유 제조업,"1,113,400","5,567,000,000","5,000",원(KRW),02-3406-0300,서울특별시 중구  동호로 310 (장충동2가),800
625,011280,태림포장,031702,"골판지, 종이 상자 및 종이용기 제조업","70,805,940","35,402,970,000","500",원(KRW),031-499-3333,경기도 시흥시 공단1대로379번안길 74 ,800
626,004100,태양금속공업,033003,자동차 신품 부품 제조업,"36,700,000","20,000,000,000","500",원(KRW),031-490-5500,경기도 안산시 단원구  해봉로 212 (성곡동),800
627,009410,태영건설,064102,토목 건설업,"76,400,000","39,478,740,000","500",원(KRW),031-910-6999,경기도 고양시 일산동구 정발산로 24 ,800
628,001420,태원물산,033003,자동차 신품 부품 제조업,"7,600,000","3,800,000,000","500",원(KRW),02-555-4301,서울특별시 강남구 테헤란로86길 14 (대치동),800
629,007980,태평양물산,031401,봉제의복 제조업,"49,911,742","24,955,871,000","500",원(KRW),02-850-9000,서울특별시 구로구 디지털로31길 12 태평양물산 ,800
630,055490,테이팩스,032202,플라스틱제품 제조업,"4,717,650","3,771,825,000","500",원(KRW),031-8047-4100,경기도 화성시 양감면 초록로532번길 62-16 ,800
631,078000,텔코웨어,106301,"자료처리, 호스팅, 포털 및 기타 인터넷 정보매개 서비스업","9,702,706","5,026,353,000","500",원(KRW),02 -2105-9800,서울특별시 서초구  법원로3길 20-7 ,800
632,214420,토니모리,032004,기타 화학제품 제조업,"17,640,000","3,528,000,000","200",원(KRW),02-591-3191,서울특별시 서초구 남부순환로 2557 토니모리 빌딩 ,800
633,084870,티비에이치글로벌,031401,봉제의복 제조업,"20,856,819","10,428,409,500","500",원(KRW),02-2058-3800,서울특별시 강남구 봉은사로 456 베이직하우스빌딩(삼성동),800
634,019180,티에이치엔,032809,기타 전기장비 제조업,"18,000,000","9,000,000,000","500",원(KRW),053-583-3001,대구광역시 달서구 성서로71길 43 ,800
635,091810,티웨이항공,085101,항공 여객 운송업,"46,974,812","23,487,406,000","500",원(KRW),02-6250-4984,서울특별시 강서구 하늘길 210 ,800
636,004870,티웨이홀딩스,032601,반도체 제조업,"76,680,855","38,340,427,500","500",원(KRW),02-2056-9800,"서울특별시 성동구 아차산로 153 7층(성수동2가, 예림출판문화센터)",800
637,005690,파미셀,032101,기초 의약물질 및 생물학적 제제 제조업,"59,958,950","29,979,475,000","500",원(KRW),02-3496-0114,"서울특별시 강남구 언주로 874 (신사동, 쌍봉빌딩 7층) ",800
638,036580,팜스코,031006,"곡물가공품, 전분 및 전분제품 제조업","36,727,943","18,363,971,500","500",원(KRW),02-6200-9901,경기도 안성시  미양면 제2공단4길 33 ,800
639,028670,팬오션,085001,해상 운송업,"534,569,207","534,569,207,000","1,000",원(KRW),02-316-5114,서울특별시 종로구 종로5길 7 Tower 8 팬오션(주),800
640,010820,퍼스텍,032502,무기 및 총포탄 제조업,"46,764,840","23,382,420,000","500",원(KRW),055-212-1606,경상남도 창원시 성산구  남면로 485 퍼스텍(주),800
641,016800,퍼시스,033201,가구 제조업,"11,500,000","14,300,000,000","1,000",원(KRW),02-3400-6386,서울특별시 송파구 오금로 311 오금동,800
642,001020,페이퍼코리아,031701,"펄프, 종이 및 판지 제조업","89,922,517","44,961,258,500","500",원(KRW),063-440-5000,전라북도 군산시 외항로 1245 페이퍼코리아(주),800
643,090080,평화산업,033003,자동차 신품 부품 제조업,"54,902,259","27,451,129,500","500",원(KRW),053-610-7027,대구광역시 달성군 논공읍 논공로 597 ,800
644,010770,평화홀딩스,033003,자동차 신품 부품 제조업,"14,625,466","7,312,733,000","500",원(KRW),053-610-8500,대구광역시 달성군  논공읍 논공로 597 ,800
645,005490,포스코,032401,1차 철강 제조업,"87,186,835","482,403,125,000","5,000",원(KRW),054-220-0114,경상북도 포항시 남구  동해안로 6261 (주) 포스코,800
646,058430,포스코강판,032401,1차 철강 제조업,"6,000,000","30,000,000,000","5,000",원(KRW),054-280-6114,경상북도 포항시 남구  철강로 173 포스코강판주식회사,800
647,047050,포스코인터내셔널,074601,상품 중개업,"123,375,149","616,875,745,000","5,000",원(KRW),02-759-2114,서울특별시 중구  통일로 10 연세재단세브란스빌딩,800
648,003670,포스코케미칼,032302,"내화, 비내화 요업제품 제조업","60,988,220","30,494,110,000","500",원(KRW),,경상북도 포항시 남구 신항로 110 ,800
649,007630,폴루스바이오팜,032604,통신 및 방송 장비 제조업,"39,311,572","19,655,786,000","500",원(KRW),02-554-3377,인천광역시 연수구 송도과학로 32 송도테크노파크IT센터 M동 27층 ,800
650,017810,풀무원,031007,기타 식품 제조업,"38,090,950","19,045,475,000","500",원(KRW),043-879-4500,충청북도 음성군 대소면 삼양로 730-27 ,800
651,103140,풍산,032402,1차 비철금속 제조업,"28,024,278","140,121,390,000","5,000",원(KRW),02-3406-5846,경기도 평택시  포승읍 평택항로156번길 134 (주)풍산,800
652,005810,풍산홀딩스,116409,기타 금융업,"7,835,167","45,175,835,000","5,000",원(KRW),02-2278-6700,인천광역시 계양구  아나지로 156 효성동 (주)풍산홀딩스,800
653,033180,필룩스,032602,전자부품 제조업,"81,092,012","40,696,006,000","500",원(KRW),070-7780-8000,경기도 양주시 광적면 광적로 235-48 ,800
654,086790,하나금융지주,116409,기타 금융업,"300,242,062","1,501,210,310,000","5,000",원(KRW),02-2002-1110,서울특별시 중구 을지로 66 (을지로 2가),800
655,099340,하나니켈1호,116402,신탁업 및 집합투자업,"22,756,200","113,781,000,000","0",원(KRW),02-3771-9870,"서울특별시 중구 을지로 66 11층(을지로2가, 하나금융그룹 명동사옥)",800
656,099350,하나니켈2호,116402,신탁업 및 집합투자업,"3,284,000","16,420,000,000","0",원(KRW),02-3771-9834,"서울특별시 중구 을지로 66 11층(을지로2가, 하나금융그룹 명동사옥)",800
657,293480,하나제약,032102,의약품 제조업,"16,200,000","8,100,000,000","500",원(KRW),02-577-7667,경기도 화성시 향남읍 제약단지로 13-39 ,800
658,039130,하나투어,147502,여행사 및 기타 여행보조 서비스업,"11,616,185","5,808,092,500","500",원(KRW),02-2127-1000,서울특별시 종로구 인사동5길 41 (주)하나투어 ,800
659,172580,하이골드12호,147601,운송장비 임대업,"13,044,500","65,222,500,000","5,000",원(KRW),02-2090-4625,제주특별자치도 제주시 연삼로 473 산업경제진흥원 (이도이동),800
660,153360,하이골드3호,147601,운송장비 임대업,"16,149,790","80,748,950,000","5,000",원(KRW),02-2090-4624,제주특별시자치도 제주시 연삼로 473 산업경제진흥원,800
661,159650,하이골드8호,147601,운송장비 임대업,"14,905,929","74,529,645,000","5,000",원(KRW),02-2090-4600,제주특별자치도 제주시 연삼로 473 산업경재진흥원 연삼로 473 산업경제진흥원(이도이동),800
662,071090,하이스틸,032401,1차 철강 제조업,"1,999,944","9,999,720,000","5,000",원(KRW),02-2273-2140,충청남도 당진시 송악읍 부곡공단4길 28-252 ,800
663,019490,하이트론씨스템즈,032605,영상 및 음향기기 제조업,"5,530,735","13,826,837,500","2,500",원(KRW),031-670-9100,경기도 안성시  삼죽면 서동대로 5953-85 ,800
664,000080,하이트진로,031101,알코올음료 제조업,"70,133,611","368,818,745,000","5,000",원(KRW),02-3219-0114,서울특별시 강남구 영동대로 714 ,800
665,000140,하이트진로홀딩스,116409,기타 금융업,"23,206,765","118,387,875,000","5,000",원(KRW),02-520-3112,서울특별시 강남구  영동대로 714 ,800
666,152550,한국ANKOR유전,116402,신탁업 및 집합투자업,"70,020,000","350,100,000,000","0",원(KRW),2180-0493,서울특별시 영등포구 은행로 3 여의도동,800
667,036460,한국가스공사,043502,연료용 가스 제조 및 배관공급업,"92,313,000","461,565,000,000","5,000",원(KRW),053-670-0114,대구광역시 동구 첨단로 120- ,800
668,005430,한국공항,085209,기타 운송관련 서비스업,"3,166,355","15,831,775,000","5,000",원(KRW),02-2660-3114,서울특별시 강서구  양천로 13 (방화동) 한국공항(주),800
669,071050,한국금융지주,116409,기타 금융업,"55,725,992","307,921,215,000","5,000",원(KRW),02-3276-6400,서울특별시 영등포구  의사당대로 88 ,800
670,010040,한국내화,032302,"내화, 비내화 요업제품 제조업","22,863,632","11,431,816,000","500",원(KRW),041-359-2200,충청남도 당진시  송산면 무수들길 370 ,800
671,025540,한국단자공업,032801,"전동기, 발전기 및 전기 변환 · 공급 · 제어 장치 제조업","10,415,000","5,207,500,000","500",원(KRW),032-814-9981,인천광역시 연수구 갯벌로 38 ,800
672,004090,한국석유공업,032309,기타 비금속 광물제품 제조업,"655,200","3,276,000,000","5,000",원(KRW),02-799-3114,서울특별시 용산구  이촌로 166 ,800
673,002200,한국수출포장공업,031702,"골판지, 종이 상자 및 종이용기 제조업","4,000,000","20,000,000,000","5,000",원(KRW),02-525-2981-9,서울특별시 서초구 서초중앙로 63 ,800
674,002960,한국쉘석유,031902,석유 정제품 제조업,"1,300,000","7,000,000,000","5,000",원(KRW),051-620-5133,부산광역시 남구  신선로 250 (용당동) ,800
675,123890,한국자산신탁,116402,신탁업 및 집합투자업,"112,853,251","56,426,625,500","500",원(KRW),02-2112-6300,"서울특별시 강남구 테헤란로 306 (역삼동, 카이트타워) ",800
676,015760,한국전력공사,043501,전기업,"641,964,077","3,209,820,385,000","5,000",원(KRW),061-345-3114,전라남도 나주시 전력로 55 -,800
677,006200,한국전자홀딩스,116409,기타 금융업,"46,803,136","23,401,568,000","500",원(KRW),02-3497-5535,서울특별시 서초구  마방로10길 5 ,800
678,002300,한국제지,031701,"펄프, 종이 및 판지 제조업","5,004,949","25,024,745,000","5,000",원(KRW),02-3475-7200,서울특별시 강남구  테헤란로 504 해성빌딩 19층,800
679,009540,한국조선해양,033101,선박 및 보트 건조업,"70,773,116","353,865,580,000","5,000",원(KRW),02-1811-9114,서울특별시 종로구 율곡로 75 현대빌딩 14층,800
680,023350,한국종합기술,137201,"건축기술, 엔지니어링 및 관련 기술 서비스업","10,950,000","5,475,000,000","500",원(KRW),02-2049-2517,경기도 성남시 중원구 산성대로476번길 6 (금광동),800
681,025890,한국주강,032902,특수 목적용 기계 제조업,"11,309,259","5,654,629,500","500",원(KRW),055-585-7251,경상남도 함안군 법수면 장백로 585 - ,800
682,000970,한국주철관공업,032401,1차 철강 제조업,"22,800,500","12,000,000,000","500",원(KRW),051-291-5481-5,부산광역시 사하구  을숙도대로 525 ,800
683,104700,한국철강,032401,1차 철강 제조업,"46,050,000","46,050,000,000","1,000",원(KRW),055-260-0500,경상남도 창원시 성산구  공단로103번길 12 한국철강(주) ,800
684,017960,한국카본,032501,"구조용 금속제품, 탱크 및 증기발생기 제조업","43,960,757","21,980,378,500","500",원(KRW),055-350-8888,경상남도 밀양시 부북면 춘화로 85 ,800
685,161890,한국콜마,032004,기타 화학제품 제조업,"22,881,180","11,440,590,000","500",원(KRW),02-3485-0332,세종특별자치시  전의면 덕고개길 12-11 ,800
686,024720,한국콜마홀딩스,116409,기타 금융업,"17,938,966","8,969,483,000","500",원(KRW),041-862-1057,세종특별자치시  전의면 덕고개길 12-11 ,800
687,161390,한국타이어앤테크놀로지,032201,고무제품 제조업,"123,875,069","61,937,534,500","500",원(KRW),02-2222-1000,서울특별시 강남구  테헤란로 133 ,800
688,000240,한국테크놀로지그룹,116409,기타 금융업,"93,020,173","46,510,086,500","500",원(KRW),02-2222-1000,서울특별시 강남구 테헤란로 133 ,800
689,034830,한국토지신탁,116402,신탁업 및 집합투자업,"252,489,230","252,489,230,000","1,000",원(KRW),0234511181,서울특별시 강남구 테헤란로 309 ,800
690,007280,한국특수형강,032401,1차 철강 제조업,"32,353,490","16,176,745,000","500",원(KRW),051-323-2611,부산광역시 사상구  장인로77번길 52(학장동) ,800
691,168490,한국패러랠,116402,신탁업 및 집합투자업,"80,020,000","400,100,000,000","0",원(KRW),02-3276-4815,서울특별시 영등포구 은행로3 ,800
692,010100,한국프랜지공업,033003,자동차 신품 부품 제조업,"30,450,420","30,450,420,000","1,000",원(KRW),052-233-5511,울산 동구 동부동 194,800
693,047810,한국항공우주,033103,"항공기,우주선 및 부품 제조업","97,475,107","487,375,535,000","5,000",원(KRW),055-851-1000,경상남도 사천시  사남면 공단1로 78 한국항공우주산업 ,800
694,123690,한국화장품,074604,생활용품 도매업,"16,068,000","8,034,000,000","500",원(KRW),02-724-3281,서울특별시 종로구 청계천로 35 ,800
695,003350,한국화장품제조,032004,기타 화학제품 제조업,"4,532,000","2,266,000,000","500",원(KRW),02-724-3710,서울특별시 종로구 청계천로 35 ,800
696,011500,한농화성,032004,기타 화학제품 제조업,"15,637,042","7,818,521,000","500",원(KRW),063-462-2455,"전라북도 군산시  외항1길 24 (소룡동,0)",800
697,002390,한독,032102,의약품 제조업,"13,763,533","6,881,766,500","500",원(KRW),02-527-5114,서울특별시 강남구  테헤란로 132 ,800
698,014790,한라,064102,토목 건설업,"38,874,942","194,374,710,000","5,000",원(KRW),02-3434-5114,서울특별시 송파구 올림픽로 289 ,800
699,060980,한라홀딩스,116409,기타 금융업,"10,472,070","55,086,180,000","5,000",원(KRW),02-3434-6363,경기도 용인시 기흥구 기흥단지로 46 -,800
700,053690,한미글로벌,137201,"건축기술, 엔지니어링 및 관련 기술 서비스업","10,957,550","5,478,775,000","500",원(KRW),02-3429-6300,서울특별시 강남구 테헤란로87길 36 도심공항타워 층,800
701,042700,한미반도체,032902,특수 목적용 기계 제조업,"57,223,890","12,716,420,500","200",원(KRW),032-571-9100,인천광역시 서구 가좌로30번길 14 ,800
702,008930,한미사이언스,116409,기타 금융업,"66,011,149","33,005,574,500","500",원(KRW),02-410-9114,경기도 화성시 팔탄면 무하로 214 한미약품(주) 팔탄공단,800
703,128940,한미약품,032102,의약품 제조업,"11,843,029","29,607,572,500","2,500",원(KRW),031-356-3311,경기도 화성시  팔탄면 무하로 214 ,800
704,009240,한샘,074604,생활용품 도매업,"23,533,928","23,533,928,000","1,000",원(KRW),02-6470-3114,경기도 안산시 단원구 번영2로 144 ,800
705,020000,한섬,031401,봉제의복 제조업,"24,630,000","12,315,000,000","500",원(KRW),02-3416-2000,서울특별시 강남구  도산대로 523 한섬빌딩,800
706,003680,한성기업,031002,수산물 가공 및 저장 처리업,"6,170,756","30,853,780,000","5,000",원(KRW),051-410-7100,부산광역시 영도구  태종로 63 ,800
707,105630,한세실업,031401,봉제의복 제조업,"40,000,000","20,000,000,000","500",원(KRW),02-3779-0779,서울특별시 영등포구 은행로 29 정우빌딩 ,800
708,069640,한세엠케이,074704,"섬유, 의복, 신발 및 가죽제품 소매업","12,909,322","6,454,661,000","500",원(KRW),02-2142-5000,서울특별시 강남구  논현로 633 ,800
709,016450,한세예스24홀딩스,031401,봉제의복 제조업,"40,000,000","20,000,000,000","500",원(KRW),02-3779-0800,서울특별시 영등포구 은행로 30 중소기업중앙회 6층 ,800
710,009180,한솔로지스틱스,085209,기타 운송관련 서비스업,"27,477,425","14,340,941,000","500",원(KRW),02-3287-7400,서울특별시 중구 을지로 100 파인애비뉴 B동 22층 ,800
711,213500,한솔제지,031701,"펄프, 종이 및 판지 제조업","23,800,576","119,002,880,000","5,000",원(KRW),02-3287-6040,"서울특별시 중구 을지로 100 비동 (을지로2가, 파인애비뉴) ",800
712,014680,한솔케미칼,032001,기초 화학물질 제조업,"11,295,195","56,475,975,000","5,000",원(KRW),02-2152-2326,서울특별시 강남구 테헤란로 513K Tower 7F / 8F ,800
713,004710,한솔테크닉스,032602,전자부품 제조업,"32,109,878","160,549,390,000","5,000",원(KRW),02-3287-7903,서울특별시 중구 을지로 100 ,800
714,010420,한솔피엔에스,074607,기타 전문 도매업,"20,493,012","10,246,506,000","500",원(KRW),02-6005-4534,서울특별시 중구 퇴계로 213 일흥빌딩 5층 ,800
715,004150,한솔홀딩스,116409,기타 금융업,"47,183,679","235,918,395,000","5,000",원(KRW),02-3287-6875,서울특별시 중구 을지로 100 파인애비뉴 B동 24층 ,800
716,025750,한솔홈데코,031601,제재 및 목재 가공업,"80,565,149","83,765,149,000","1,000",원(KRW),02-3284-3881,서울특별시 동작구 보라매로5길 15 전문건설회관빌딩 ,800
717,004960,한신공영,064101,건물 건설업,"11,570,702","57,853,510,000","5,000",원(KRW),02-3393-3114,경기도 용인시 처인구  백암면 덕평로 82 ,800
718,011700,한신기계공업,032901,일반 목적용 기계 제조업,"32,446,151","16,223,075,500","500",원(KRW),031-491-3911,경기도 안산시 단원구  해봉로330번길 23 신길동,800
719,001750,한양증권,116601,금융 지원 서비스업,"12,728,534","66,267,670,000","5,000",원(KRW),02-3770-5000,서울 영등포구 여의도동 34-11,800
720,018880,한온시스템,032901,일반 목적용 기계 제조업,"533,800,000","53,380,000,000","100",원(KRW),042-930-6114,대전광역시 대덕구  신일서로 95 ,800
721,009420,한올바이오파마,032102,의약품 제조업,"52,240,638","26,120,319,000","500",원(KRW),042-932-5997,대전광역시 대덕구  상서당1길 43  ,800
722,014130,한익스프레스,084903,도로 화물 운송업,"12,000,000","6,000,000,000","500",원(KRW),02-3400-5474,경기도 화성시 양감면 초록로 103 (주)한익스프레스,800
723,300720,한일시멘트,032303,"시멘트, 석회, 플라스터 및 그 제품 제조업","4,144,970","20,724,850,000","5,000",원(KRW),02-531-7000,서울특별시 강남구 강남대로 330 우덕빌딩 ,800
724,002220,한일철강,032401,1차 철강 제조업,"22,322,330","11,161,165,000","500",원(KRW),02-2267-6161,서울특별시 중구  퇴계로27길 28 (한영빌딩 9층),800
725,006390,한일현대시멘트,032303,"시멘트, 석회, 플라스터 및 그 제품 제조업","16,821,290","84,106,450,000","5,000",원(KRW),02-520-2114,서울특별시 강남구 강남대로 330 역삼동 우덕빌딩 ,800
726,003300,한일홀딩스,032303,"시멘트, 석회, 플라스터 및 그 제품 제조업","5,994,356","31,342,450,000","5,000",원(KRW),02-550-7901,서울특별시 강남구  강남대로 330 우덕빌딩 ,800
727,051600,한전KPS,064203,전기 및 통신 공사업,"45,000,000","9,000,000,000","200",원(KRW),061-345-2000,전라남도 나주시 문화로 211 -,800
728,052690,한전기술,137201,"건축기술, 엔지니어링 및 관련 기술 서비스업","38,220,000","7,644,000,000","200",원(KRW),031-289-3114,경상북도 김천시 혁신로 269 (율곡동),800
729,130660,한전산업,137201,"건축기술, 엔지니어링 및 관련 기술 서비스업","32,600,000","16,300,000,000","500",원(KRW),02-2250-2700,서울특별시 중구  서소문로 115 한산빌딩 ,800
730,002320,한진,084903,도로 화물 운송업,"11,974,656","59,873,280,000","5,000",원(KRW),02-728-5114,서울특별시 중구 남대문로 63 한진빌딩 ,800
731,097230,한진중공업,064102,토목 건설업,"83,274,281","416,371,405,000","5,000",원(KRW),051-410-3114,부산광역시 영도구  태종로 233 한진중공업,800
732,003480,한진중공업홀딩스,043502,연료용 가스 제조 및 배관공급업,"29,529,812","155,149,060,000","5,000",원(KRW),02-2049-2395,경기도 남양주시 별내3로 391 관리동 1층,800
733,180640,한진칼,085101,항공 여객 운송업,"59,170,458","149,268,060,000","2,500",원(KRW),02-726-6166,서울특별시 중구 소공로 88 (소공동),800
734,005110,한창,074605,기계장비 및 관련 물품 도매업,"34,790,269","17,395,134,500","500",원(KRW),02-850-6545,부산광역시 연제구 중앙대로 1052 501호(연산동),800
735,009460,한창제지,031701,"펄프, 종이 및 판지 제조업","59,667,486","29,833,743,000","500",원(KRW),055-370-2000,경상남도 양산시  웅상대로 1564 (주)한창제지,800
736,000880,한화,032004,기타 화학제품 제조업,"74,958,735","489,550,145,000","5,000",원(KRW),02-729-1114,서울특별시 중구  청계천로 86 24층,800
737,027390,한화갤러리아타임월드,074701,종합 소매업,"6,000,131","30,000,655,000","5,000",원(KRW),042-480-5000,대전광역시 서구  대덕대로 211 갤러리아타임월드백화점 (주)한화타임월드,800
738,088350,한화생명,116501,보험업,"868,530,000","4,342,650,000,000","5,000",원(KRW),02-789-5114,서울특별시 영등포구 63로 50 ,800
739,000370,한화손해보험,116501,보험업,"116,738,915","583,694,575,000","5,000",원(KRW),02-1566-8000,서울특별시 영등포구  여의대로 56 한화손해보험(주),800
740,009830,한화솔루션,032001,기초 화학물질 제조업,"161,479,290","821,170,655,000","5,000",원(KRW),02-729-2700,서울특별시 중구 청계천로 86 한화빌딩 ,800
741,272210,한화시스템,032702,"측정, 시험, 항해, 제어 및 기타 정밀기기 제조업; 광학기기 제외","110,230,389","551,151,945,000","5,000",원(KRW),02-729-4605,경상북도 구미시 1공단로 244 ,800
742,012450,한화에어로스페이스,033103,"항공기,우주선 및 부품 제조업","51,560,000","265,650,000,000","5,000",원(KRW),055-260-2114,경상남도 창원시 성산구  창원대로 1204 ,800
743,003530,한화투자증권,116601,금융 지원 서비스업,"214,547,775","1,096,738,875,000","5,000",원(KRW),02-3772-7000,서울특별시 영등포구  여의대로 56 한화증권빌딩 한화투자증권 주식회사,800
744,195870,해성디에스,032602,전자부품 제조업,"17,000,000","85,000,000,000","5,000",원(KRW),07047610000,경상남도 창원시 성산구 웅남로 726 ,800
745,101530,해태제과식품,031007,기타 식품 제조업,"29,116,822","14,558,411,000","500",원(KRW),02-709-7766,충청남도 천안시 서북구 성거읍 천흥8길 67-26 ,800
746,143210,핸즈코퍼레이션,033003,자동차 신품 부품 제조업,"21,863,268","10,931,634,000","500",원(KRW),032-870-9600,인천광역시 서구 가정로37번길 50 ,800
747,000720,현대건설,064102,토목 건설업,"111,355,765","557,273,105,000","5,000",원(KRW),02-746-1114,서울특별시 종로구  율곡로 75 ,800
748,267270,현대건설기계,032901,일반 목적용 기계 제조업,"19,700,793","98,503,965,000","5,000",원(KRW),031-8006-6000,서울특별시 종로구 율곡로 75 ,800
749,005440,현대그린푸드,074701,종합 소매업,"97,704,482","48,852,241,000","500",원(KRW),031-525-2233,경기도 용인시 수지구 문인로 30 ,800
750,086280,현대글로비스,085209,기타 운송관련 서비스업,"37,500,000","18,750,000,000","500",원(KRW),02-6191-9114,서울특별시 강남구 테헤란로 301 -,800
751,064350,현대로템,033102,철도장비 제조업,"85,000,000","425,000,000,000","5,000",원(KRW),055-273-1341,경상남도 창원시 의창구  창원대로 488 ,800
752,079430,현대리바트,033201,가구 제조업,"20,535,282","20,535,282,000","1,000",원(KRW),02-3480-8001,경기도 용인시 처인구  남사면 경기동로 316 리바트,800
753,012330,현대모비스,033003,자동차 신품 부품 제조업,"95,306,694","490,969,315,000","5,000",원(KRW),02-2018-5114,서울 강남구 역삼1동 로담코빌딩 140-2,800
754,010620,현대미포조선,033101,선박 및 보트 건조업,"39,942,149","199,710,745,000","5,000",원(KRW),052-250-3114,울산광역시 동구 방어진순환도로 100 (주)현대미포조선,800
755,069960,현대백화점,074701,종합 소매업,"23,402,441","117,012,205,000","5,000",원(KRW),02-549-2233,서울특별시 강남구 압구정로 201 ,800
756,004560,현대비앤지스틸,032401,1차 철강 제조업,"15,078,811","75,943,315,000","5,000",원(KRW),055-268-4114,경상남도 창원시 성산구  적현로 124 ,800
757,011200,현대상선,085001,해상 운송업,"316,552,195","1,582,760,975,000","5,000",원(KRW),02-3706-5114,서울특별시 종로구  율곡로 194 ,800
758,004310,현대약품,032102,의약품 제조업,"32,000,000","16,000,000,000","500",원(KRW),041-570-5114,충청남도 천안시 동남구  풍세면 잔다리길 55 ,800
759,322000,현대에너지솔루션,032601,반도체 제조업,"11,200,000","56,000,000,000","5,000",원(KRW),1522-5001,"경기도 성남시 분당구 분당로 55, 4층 퍼스트타워 ",800
760,126560,현대에이치씨엔,106002,텔레비전 방송업,"112,876,596","56,438,298,000","500",원(KRW),02-1877-8000,서울특별시 서초구  반포대로 19 에이치씨엔빌딩,800
761,017800,현대엘리베이터,032901,일반 목적용 기계 제조업,"27,199,334","135,996,670,000","5,000",원(KRW),031-644-5114,경기도 이천시  부발읍 경충대로 2091 현대엘리베이터(주),800
762,307950,현대오토에버,105802,소프트웨어 개발 및 공급업,"21,000,000","10,500,000,000","500",원(KRW),02-6296-6000,서울특별시 강남구 테헤란로 510 루첸타워,800
763,011210,현대위아,033003,자동차 신품 부품 제조업,"27,195,083","135,975,415,000","5,000",원(KRW),055-280-9114,경상남도 창원시 성산구  정동로 153 ,800
764,267260,현대일렉트릭,032801,"전동기, 발전기 및 전기 변환 · 공급 · 제어 장치 제조업","36,047,135","180,235,675,000","5,000",원(KRW),02-746-7545,서울특별시 종로구 율곡로 75 ,800
765,005380,현대자동차,033001,자동차용 엔진 및 자동차 제조업,"213,668,187","1,488,993,125,000","5,000",원(KRW),02-3464-1114,서울특별시 서초구  헌릉로 12 ,800
766,004020,현대제철,032401,1차 철강 제조업,"133,445,785","667,228,925,000","5,000",원(KRW),032-760-2114,인천광역시 동구  중봉대로 63 ,800
767,011760,현대종합상사,074608,상품 종합 도매업,"13,228,966","66,144,830,000","5,000",원(KRW),02-390-1114,서울특별시 종로구 율곡로2길 25 연합미디어센터빌딩 16층,800
768,267250,현대중공업지주,031902,석유 정제품 제조업,"16,286,617","81,433,085,000","5,000",원(KRW),053-670-7114,대구광역시 달성군 유가면 테크노순환로3길 50 ,800
769,001500,현대차증권,116601,금융 지원 서비스업,"29,337,111","146,685,555,000","5,000",원(KRW),02-3787-2114,서울특별시 영등포구  국제금융로2길 32 ,800
770,227840,현대코퍼레이션홀딩스,074603,음·식료품 및 담배 도매업,"9,100,836","45,504,180,000","5,000",원(KRW),02-390-1568,서울특별시 종로구 율곡로2길 25 ,800
771,001450,현대해상,116501,보험업,"89,400,000","44,700,000,000","500",원(KRW),02-1588-5656,서울 종로구 세종로 현대해상화재보험빌딩 ,800
772,057050,현대홈쇼핑,074709,무점포 소매업,"12,000,000","60,000,000,000","5,000",원(KRW),02-2143-2000,서울특별시 강동구  올림픽로70길 34 ,800
773,093240,형지엘리트,031401,봉제의복 제조업,"31,154,798","15,577,399,000","500",원(KRW),032-454-8404,인천광역시 연수구 송도과학로16번길 13-25 (송도동),800
774,003010,혜인,074605,기계장비 및 관련 물품 도매업,"12,712,747","6,356,373,500","500",원(KRW),02-3498-4500,서울특별시 서초구  동산로 86 혜인빌딩,800
775,111110,호전실업,031401,봉제의복 제조업,"8,000,000","4,657,880,000","500",원(KRW),02-706-6613,"서울특별시 마포구 마포대로 19 신화빌딩, 11층, 12층 ",800
776,008770,호텔신라,074708,기타 상품 전문 소매업,"39,248,121","200,000,000,000","5,000",원(KRW),02-2233-3131,서울특별시 중구 동호로 249 (주) 호텔신라,800
777,002460,화성산업,064101,건물 건설업,"12,450,800","62,254,000,000","5,000",원(KRW),053-767-2111,대구광역시 수성구  동대구로 111 ,800
778,013520,화승알앤에이,033003,자동차 신품 부품 제조업,"64,561,210","32,280,605,000","500",원(KRW),055-370-3331-4,경상남도 양산시  충렬로 61 ,800
779,241590,화승엔터프라이즈,031502,신발 및 신발 부분품 제조업,"60,536,670","30,268,335,000","500",원(KRW),02-588-8042,"부산광역시 연제구 중앙대로 1079 장천빌딩 6층 (연산동, 장천빌딩)",800
780,006060,화승인더스트리,032202,플라스틱제품 제조업,"55,320,000","27,660,000,000","500",원(KRW),051-311-0081,부산광역시 연제구 중앙대로 1079 장천빌딩 6층,800
781,010690,화신,033003,자동차 신품 부품 제조업,"34,920,410","17,460,205,000","500",원(KRW),054-330-5400,경상북도 영천시  도남공단길 94-2 ,800
782,133820,화인베스틸,032401,1차 철강 제조업,"29,550,000","16,050,000,000","500",원(KRW),055-259-2000,경상남도 창녕군 창녕읍 창밀로 259-33 ,800
783,010660,화천기계,032902,특수 목적용 기계 제조업,"22,000,000","11,000,000,000","500",원(KRW),02-523-7766,서울특별시 서초구  방배로 46 ,800
784,000850,화천기공,032902,특수 목적용 기계 제조업,"2,200,000","11,000,000,000","5,000",원(KRW),062-951-5111,광주광역시 광산구 하남산단4번로 123-17 (장덕동) 화천기공(주),800
785,016580,환인제약,032102,의약품 제조업,"18,600,070","9,700,035,000","500",원(KRW),02-405-3000,"서울특별시 송파구 법원로6길 11 (문정동, 환인빌딩)",800
786,032560,황금에스티,032402,1차 비철금속 제조업,"14,000,000","7,000,000,000","500",원(KRW),02-6121-4600,경기도 안산시 단원구 엠티브이1로 25 (주)황금에스티,800
787,004800,효성,116409,기타 금융업,"21,071,025","105,355,125,000","5,000",원(KRW),02-707-7000,서울특별시 마포구  마포대로 119 (공덕동) ,800
788,094280,효성 ITX,147509,기타 사업지원 서비스업,"11,558,200","5,779,100,000","500",원(KRW),02-2102-8400,서울특별시 영등포구  선유동2로 57 이레빌딩 15층,800
789,298040,효성중공업,032801,"전동기, 발전기 및 전기 변환 · 공급 · 제어 장치 제조업","9,324,548","46,622,740,000","5,000",원(KRW),02-707-7000,서울특별시 마포구 마포대로 119 효성빌딩 ,800
790,298050,효성첨단소재,032005,화학섬유 제조업,"4,479,948","22,399,740,000","5,000",원(KRW),02-707-7000,서울특별시 마포구 마포대로 119 효성빌딩 ,800
791,298020,효성티앤씨,032005,화학섬유 제조업,"4,327,682","21,638,410,000","5,000",원(KRW),02-707-7000,서울특별시 마포구 마포대로 119 ,800
792,298000,효성화학,032001,기초 화학물질 제조업,"3,190,126","15,950,630,000","5,000",원(KRW),02-2146-5500,서울특별시 서초구 반포대로 235 ,800
793,093370,후성,032001,기초 화학물질 제조업,"92,606,819","46,303,409,500","500",원(KRW),031-627-4328,경기도 화성시  팔탄면 현대기아로 72-37 ,800
794,081660,휠라홀딩스,074604,생활용품 도매업,"61,115,070","61,674,420,000","1,000",원(KRW),02-523-6100,"서울특별시 강동구 천호대로 1077 이스트센트럴타워15층,16층,17층,18층",800
795,005870,휴니드테크놀러지스,032604,통신 및 방송 장비 제조업,"14,116,015","70,580,075,000","5,000",원(KRW),032-457-6000,인천광역시 연수구  벤처로 87 ,800
796,079980,휴비스,032005,화학섬유 제조업,"34,500,000","172,500,000,000","5,000",원(KRW),02-2189-4567,서울특별시 강남구  학동로 343 ,800
797,005010,휴스틸,032401,1차 철강 제조업,"7,621,668","38,108,340,000","5,000",원(KRW),02-828-9000,"서울특별시 강남구  테헤란로 512 (대치동, 신안빌딩 14층)",800
798,069260,휴켐스,032004,기타 화학제품 제조업,"40,878,588","40,878,588,000","1,000",원(KRW),02-2262-0600,서울특별시 중구  퇴계로 173 19층,800
799,000540,흥국화재,116501,보험업,"64,242,645","325,821,225,000","5,000",원(KRW),02-2002-6000,서울특별시 종로구 새문안로 68 ,800
800,003280,흥아해운,085001,해상 운송업,"112,112,392","56,056,196,000","500",원(KRW),02-3449-3000,서울특별시 송파구  새말로5길 21 흥아해운 빌딩,800